NZr,NZc,Tr,Tc,MSE,Nsteps,Compressed Memory Footprint (byte),Nops,Ncycles,CTC (Ops/byte),CP (GOps/s),AttPerf (GOps/s),Execution Time (s)
32,48,2,2,0.006864580507511481,24,63744.0,30720,1152,0.46875,5.333333333333334,4.6875,6.5536e-06
32,56,2,2,0.006927839217153511,21,61152.0,29568,1176,0.4697508896797153,5.0285714285714285,4.697508896797153,6.294399999999999e-06
32,64,2,2,0.006971824037566276,19,60192.0,29184,1216,0.47083118224057824,4.8,4.708311822405783,6.1984e-06
32,72,2,2,0.0069525012553733005,18,61632.0,29952,1296,0.4722502522704339,4.622222222222222,4.622222222222222,6.480000000000001e-06
32,80,2,2,0.006971113975480295,17,62560.0,30464,1360,0.4733963202386872,4.48,4.48,6.799999999999999e-06
32,88,2,2,0.006884293301706732,17,66912.0,32640,1496,0.4750815090824406,4.363636363636363,4.363636363636363,7.480000000000001e-06
32,96,2,2,0.006854300431171145,17,71264.0,34816,1632,0.4765659220324135,4.266666666666666,4.266666666666666,8.160000000000001e-06
32,12,2,8,0.006940207351961847,32,83840.0,40960,1024,0.47832585949177875,8.0,4.783258594917788,8.5632e-06
32,14,2,8,0.006998596026927867,27,77652.0,38016,864,0.4785257539902321,8.8,4.785257539902322,7.9444e-06
32,16,2,8,0.006920481683003276,24,75168.0,36864,768,0.47900207900207903,9.6,4.79002079002079,7.696e-06
32,18,2,8,0.0069710036898919595,21,71148.0,34944,672,0.47907869481765836,10.4,4.790786948176583,7.294e-06
32,20,2,8,0.006957899271696988,19,69236.0,34048,608,0.4793602522948696,11.2,4.793602522948696,7.102800000000001e-06
32,22,2,8,0.0068524266009302014,18,70200.0,34560,576,0.4800533392599178,12.0,4.800533392599178,7.1992e-06
32,24,2,8,0.006854300431171145,17,70652.0,34816,544,0.4805919054718127,12.8,4.805919054718127,7.2444e-06
32,6,2,16,0.006910573497276945,35,91490.0,44800,1120,0.48026414527990396,8.0,4.8026414527990395,9.3282e-06
32,7,2,16,0.006990855977391103,29,83230.0,40832,928,0.4802521700265814,8.8,4.802521700265814,8.5022e-06
32,8,2,16,0.0069871286416839954,25,78150.0,38400,800,0.4803482524830502,9.6,4.8034825248305015,7.9942e-06
32,9,2,16,0.006886202411518294,23,77786.0,38272,736,0.48093694237100704,10.4,4.80936942371007,7.9578e-06
32,10,2,16,0.00692232891543618,20,72760.0,35840,640,0.4807382766391244,11.2,4.807382766391244,7.4551999999999985e-06
32,11,2,16,0.006941923386769568,18,70092.0,34560,576,0.4807745812698236,12.0,4.8077458126982355,7.1884000000000005e-06
32,12,2,16,0.006854300431171145,17,70550.0,34816,544,0.48126952531033146,12.8,4.812695253103315,7.2342e-06
32,3,2,32,0.006918598710095871,36,93996.0,46080,1152,0.4810623460141145,8.0,4.810623460141145,9.578799999999999e-06
32,4,2,32,0.0069671770184777885,26,81198.0,39936,832,0.481214604169177,9.6,4.81214604169177,8.299e-06
32,5,2,32,0.006895824670710998,21,76335.0,37632,672,0.481677269061912,11.2,4.8167726906191195,7.8127e-06
32,6,2,32,0.006854300431171145,17,70499.0,34816,544,0.4816090523024996,12.8,4.816090523024997,7.229099999999999e-06
32,2,2,64,0.006896103951545036,27,84280.5,41472,864,0.48182636730663103,9.6,4.81826367306631,8.60725e-06
32,3,2,64,0.006854300431171145,17,70473.5,34816,544,0.48177899550961384,12.8,4.8177899550961385,7.22655e-06
40,48,2,2,0.006944570996079753,20,58240.0,28160,960,0.4690831556503198,5.866666666666666,4.690831556503198,6.0031999999999995e-06
40,56,2,2,0.006901325263518634,18,57024.0,27648,1008,0.470076169749728,5.485714285714286,4.7007616974972795,5.8816000000000006e-06
40,64,2,2,0.0069911448439411395,16,54784.0,26624,1024,0.47058823529411764,5.2,4.705882352941177,5.6576e-06
40,72,2,2,0.006984212952098494,15,55200.0,26880,1080,0.4716451431779899,4.977777777777778,4.716451431779899,5.6991999999999996e-06
40,80,2,2,0.0068346699792193495,15,59040.0,28800,1200,0.47343503419253025,4.8,4.734350341925302,6.0832e-06
40,88,2,2,0.006990081256757381,14,58688.0,28672,1232,0.4740740740740741,4.654545454545455,4.654545454545455,6.1599999999999995e-06
40,96,2,2,0.006957704061274261,14,62272.0,30464,1344,0.4755244755244755,4.533333333333334,4.533333333333334,6.719999999999999e-06
40,12,2,8,0.0069097938913365,27,77652.0,38016,1080,0.4785257539902321,7.040000000000001,4.785257539902322,7.9444e-06
40,14,2,8,0.0069646199652422785,23,72036.0,35328,920,0.47851763558541477,7.68,4.785176355854148,7.382799999999999e-06
40,16,2,8,0.006986317598530309,20,67760.0,33280,800,0.47849091327352195,8.32,4.784909132735219,6.955200000000001e-06
40,18,2,8,0.0069345951489599,18,65592.0,32256,720,0.4786893030986584,8.96,4.786893030986584,6.7384000000000006e-06
40,20,2,8,0.0069771547596324,16,62400.0,30720,640,0.4785643070787637,9.6,4.7856430707876365,6.4192e-06
40,22,2,8,0.006898848454434106,15,62340.0,30720,600,0.4790120376723009,10.24,4.790120376723009,6.4132e-06
40,24,2,8,0.006957704061274261,14,61768.0,30464,560,0.479295154185022,10.88,4.79295154185022,6.356e-06
40,6,2,16,0.006938499387290723,29,83230.0,40832,1160,0.4802521700265814,7.040000000000001,4.802521700265814,8.5022e-06
40,7,2,16,0.006935968297371734,25,78150.0,38400,1000,0.4803482524830502,7.68,4.8034825248305015,7.9942e-06
40,8,2,16,0.006888143174194365,22,74404.0,36608,880,0.4804451677253399,8.32,4.804451677253399,7.6196e-06
40,9,2,16,0.00695338448301233,19,69122.0,34048,760,0.480130862735144,8.96,4.80130862735144,7.0913999999999996e-06
40,10,2,16,0.006903956998616302,17,66198.0,32640,680,0.4800705986174437,9.6,4.800705986174437,6.799000000000001e-06
40,11,2,16,0.0069907793999726235,15,62250.0,30720,600,0.4796852065831798,10.24,4.796852065831798,6.4042e-06
40,12,2,16,0.006957704061274261,14,61684.0,30464,560,0.4799294221438024,10.88,4.799294221438024,6.347599999999999e-06
40,3,2,32,0.006985788241962534,30,86010.0,42240,1200,0.4810824354798296,7.040000000000001,4.810824354798296,8.780200000000001e-06
40,4,2,32,0.006879031909723974,23,77717.0,38272,920,0.48135431209045515,8.32,4.813543120904551,7.9509e-06
40,5,2,32,0.006854185353090054,18,70038.0,34560,720,0.4811360155923709,9.6,4.811360155923709,7.182999999999999e-06
40,6,2,32,0.006957704061274261,14,61642.0,30464,560,0.48024718605164424,10.88,4.802471860516443,6.343399999999999e-06
40,2,2,64,0.006880918348055338,23,77682.5,38272,920,0.4815632687214138,8.32,4.815632687214138,7.94745e-06
40,3,2,64,0.006957704061274261,14,61621.0,30464,560,0.4804062258527431,10.88,4.8040622585274315,6.341299999999999e-06
48,48,2,2,0.006870459858642238,18,57024.0,27648,864,0.470076169749728,6.4,4.7007616974972795,5.8816000000000006e-06
48,56,2,2,0.006882408839114788,16,54784.0,26624,896,0.47058823529411764,5.942857142857143,4.705882352941177,5.6576e-06
48,64,2,2,0.006790678938791574,15,55200.0,26880,960,0.4716451431779899,5.6,4.716451431779899,5.6991999999999996e-06
48,72,2,2,0.006797586027911135,14,55104.0,26880,1008,0.47244094488188976,5.333333333333334,4.724409448818897,5.6896000000000005e-06
48,80,2,2,0.006920118473049221,13,54496.0,26624,1040,0.47299602046617395,5.12,4.729960204661739,5.6288e-06
48,88,2,2,0.006835133825221083,13,57824.0,28288,1144,0.4745034889962426,4.945454545454545,4.745034889962426,5.961600000000001e-06
48,96,2,2,0.006806446910056125,13,61152.0,29952,1248,0.4758515505846467,4.8,4.758515505846467,6.294399999999999e-06
48,12,2,8,0.006931036724908765,24,75168.0,36864,1152,0.47900207900207903,6.4,4.79002079002079,7.696e-06
48,14,2,8,0.0068542387098888755,21,71148.0,34944,1008,0.47907869481765836,6.933333333333333,4.790786948176583,7.294e-06
48,16,2,8,0.006904538269382641,18,65592.0,32256,864,0.4786893030986584,7.466666666666667,4.786893030986584,6.7384000000000006e-06
48,18,2,8,0.006907365404948298,16,62400.0,30720,768,0.4785643070787637,8.0,4.7856430707876365,6.4192e-06
48,20,2,8,0.006771005130466615,15,62340.0,30720,720,0.4790120376723009,8.533333333333331,4.790120376723009,6.4132e-06
48,22,2,8,0.006995539706715663,13,57356.0,28288,624,0.47825792926218974,9.066666666666668,4.7825792926218975,5.9148000000000005e-06
48,24,2,8,0.006806446910056125,13,60684.0,29952,624,0.4794160957807798,9.6,4.794160957807798,6.2476e-06
48,6,2,16,0.006892059095922871,26,81276.0,39936,1248,0.4807627485915154,6.4,4.807627485915154,8.3068e-06
48,7,2,16,0.0069512559002625415,22,74404.0,36608,1056,0.4804451677253399,6.933333333333333,4.804451677253399,7.6196e-06
48,8,2,16,0.006942379741584766,19,69122.0,34048,912,0.480130862735144,7.466666666666667,4.80130862735144,7.0913999999999996e-06
48,9,2,16,0.00691345029594316,17,66198.0,32640,816,0.4800705986174437,8.0,4.800705986174437,6.799000000000001e-06
48,10,2,16,0.006920727312684878,15,62250.0,30720,720,0.4796852065831798,8.533333333333331,4.796852065831798,6.4042e-06
48,11,2,16,0.006809988897844527,14,61684.0,30464,672,0.4799294221438024,9.066666666666668,4.799294221438024,6.347599999999999e-06
48,12,2,16,0.006806446910056125,13,60606.0,29952,624,0.48001538510849706,9.6,4.80015385108497,6.2398e-06
48,3,2,32,0.0068998596374992395,27,84321.0,41472,1296,0.4815997584569113,6.4,4.8159975845691125,8.611300000000002e-06
48,4,2,32,0.006946695263981343,20,72700.0,35840,960,0.4811254899855018,7.466666666666667,4.811254899855018,7.4492e-06
48,5,2,32,0.006832088921506848,16,66352.0,32768,768,0.48086405259450576,8.533333333333331,4.808640525945058,6.8143999999999995e-06
48,6,2,32,0.006806446910056125,13,60567.0,29952,624,0.4803155919754967,9.6,4.803155919754968,6.2359e-06
48,2,2,64,0.006931089697992323,20,72670.0,35840,960,0.4813193306653058,7.466666666666667,4.813193306653058,7.446200000000001e-06
48,3,2,64,0.006806446910056125,13,60547.5,29952,624,0.48046583626753503,9.6,4.80465836267535,6.233950000000001e-06
56,48,2,2,0.006841829797011102,17,58208.0,28288,952,0.47146666666666665,5.942857142857143,4.714666666666666,6.000000000000001e-06
56,56,2,2,0.006875195921345199,15,55200.0,26880,840,0.4716451431779899,6.4,4.716451431779899,5.6991999999999996e-06
56,64,2,2,0.006792908099062696,14,55104.0,26880,896,0.47244094488188976,6.0,4.724409448818897,5.6896000000000005e-06
56,72,2,2,0.006834415598986692,13,54496.0,26624,936,0.47299602046617395,5.688888888888889,4.729960204661739,5.6288e-06
56,80,2,2,0.006984948672870497,12,53376.0,26112,960,0.4733178654292343,5.44,4.7331786542923435,5.5168e-06
56,88,2,2,0.006900461284150963,12,56448.0,27648,1056,0.4747252747252747,5.236363636363637,4.747252747252747,5.824e-06
56,96,2,2,0.006871443253234164,12,59520.0,29184,1152,0.4759916492693111,5.066666666666666,4.759916492693111,6.1312e-06
56,12,2,8,0.0069618423767415435,22,74536.0,36608,1232,0.4796142961953674,5.942857142857143,4.796142961953674,7.632800000000001e-06
56,14,2,8,0.006966661837920844,19,69236.0,34048,1064,0.4793602522948696,6.4,4.793602522948696,7.102800000000001e-06
56,16,2,8,0.006865243988056115,17,66300.0,32640,952,0.47935146566410153,6.857142857142857,4.793514656641015,6.8092e-06
56,18,2,8,0.0068792109246519646,15,62340.0,30720,840,0.4790120376723009,7.314285714285714,4.790120376723009,6.4132e-06
56,20,2,8,0.006764001750644783,14,61768.0,30464,784,0.479295154185022,7.7714285714285705,4.79295154185022,6.356e-06
56,22,2,8,0.006754868500593363,13,60684.0,29952,728,0.4794160957807798,8.22857142857143,4.794160957807798,6.2476e-06
56,24,2,8,0.006871443253234164,12,59088.0,29184,672,0.47936925098554534,8.685714285714287,4.793692509855453,6.088e-06
56,6,2,16,0.006958606682408931,24,81168.0,39936,1344,0.4813886210221794,5.942857142857143,4.813886210221794,8.296e-06
56,7,2,16,0.006874319195264078,21,76398.0,37632,1176,0.4812891674127126,6.4,4.812891674127126,7.819e-06
56,8,2,16,0.006899517071990487,18,70092.0,34560,1008,0.4807745812698236,6.857142857142857,4.8077458126982355,7.1884000000000005e-06
56,9,2,16,0.006894943979340509,16,66400.0,32768,896,0.4805255748474894,7.314285714285714,4.805255748474894,6.8192e-06
56,10,2,16,0.006919700161414931,14,61684.0,30464,784,0.4799294221438024,7.7714285714285705,4.799294221438024,6.347599999999999e-06
56,11,2,16,0.0068417435440446435,13,60606.0,29952,728,0.48001538510849706,8.22857142857143,4.80015385108497,6.2398e-06
56,12,2,16,0.006871443253234164,12,59016.0,29184,672,0.47993685041441914,8.685714285714287,4.799368504144192,6.0808e-06
56,3,2,32,0.006910459098292332,25,84475.0,41600,1400,0.4822237935711222,5.942857142857143,4.822237935711222,8.6267e-06
56,4,2,32,0.0068494401150127025,19,73929.0,36480,1064,0.481768597879056,6.857142857142857,4.817685978790561,7.572099999999999e-06
56,5,2,32,0.006814751154329069,15,66045.0,32640,840,0.48115335289001576,7.7714285714285705,4.811533528900157,6.783700000000001e-06
56,6,2,32,0.006871443253234164,12,58980.0,29184,672,0.4802211544790364,8.685714285714287,4.802211544790364,6.077200000000001e-06
56,2,2,64,0.006840674900130425,19,73900.5,36480,1064,0.4819499950457443,6.857142857142857,4.819499950457443,7.56925e-06
56,3,2,64,0.006871443253234164,12,58962.0,29184,672,0.4803634328603878,8.685714285714287,4.803634328603878,6.0753999999999995e-06
64,48,2,2,0.006974984035415178,16,58880.0,28672,1024,0.47257383966244726,5.6,4.725738396624473,6.0672e-06
64,56,2,2,0.00679939900802291,15,59040.0,28800,960,0.47343503419253025,6.0,4.734350341925302,6.0832e-06
64,64,2,2,0.006983204927270234,13,54496.0,26624,832,0.47299602046617395,6.4,4.729960204661739,5.6288e-06
64,72,2,2,0.006755768077934328,13,57824.0,28288,936,0.4745034889962426,6.044444444444444,4.745034889962426,5.961600000000001e-06
64,80,2,2,0.0069033908677515795,12,56448.0,27648,960,0.4747252747252747,5.76,4.747252747252747,5.824e-06
64,88,2,2,0.006817637066826886,12,59520.0,29184,1056,0.4759916492693111,5.527272727272727,4.759916492693111,6.1312e-06
64,96,2,2,0.006788885275367699,12,62592.0,30720,1152,0.47713717693836977,5.333333333333334,4.7713717693836974,6.438400000000001e-06
64,12,2,8,0.006899472416910779,22,80168.0,39424,1408,0.4810151293313812,5.6,4.810151293313812,8.196e-06
64,14,2,8,0.006888773191581699,19,74100.0,36480,1216,0.48068307595003423,6.0,4.806830759500342,7.589200000000001e-06
64,16,2,8,0.006993095084840613,16,66496.0,32768,1024,0.47985004686035615,6.4,4.798500468603562,6.828799999999999e-06
64,18,2,8,0.006808043079462318,15,66180.0,32640,960,0.4801977284764315,6.8,4.801977284764315,6.797199999999999e-06
64,20,2,8,0.0069470754441466435,13,60684.0,29952,832,0.4794160957807798,7.2,4.794160957807798,6.2476e-06
64,22,2,8,0.006975993684946629,12,59088.0,29184,768,0.47936925098554534,7.6,4.793692509855453,6.088e-06
64,24,2,8,0.006788885275367699,12,62160.0,30720,768,0.480360270202652,8.0,4.80360270202652,6.3952e-06
64,6,2,16,0.006896916700910341,24,87312.0,43008,1536,0.4826719339199138,5.6,4.826719339199138,8.9104e-06
64,7,2,16,0.006973319626062213,20,77880.0,38400,1280,0.48197610201827495,6.0,4.819761020182749,7.9672e-06
64,8,2,16,0.006819444095960924,18,74700.0,36864,1152,0.4819327511373738,6.4,4.819327511373738,7.6492e-06
64,9,2,16,0.006823676373833054,16,70496.0,34816,1024,0.4816290393979637,6.8,4.816290393979637,7.2288e-06
64,10,2,16,0.006841171662477541,14,65268.0,32256,896,0.4810020876826722,7.2,4.810020876826722,6.706e-06
64,11,2,16,0.006758945162899122,13,63934.0,31616,832,0.4810272951343456,7.6,4.810272951343456,6.5726e-06
64,12,2,16,0.006788885275367699,12,62088.0,30720,768,0.48090169067000627,8.0,4.809016906700062,6.388e-06
64,3,2,32,0.006973752061671757,24,87240.0,43008,1536,0.4830622697457094,5.6,4.830622697457095,8.9032e-06
64,4,2,32,0.006942406137021658,18,74646.0,36864,1152,0.482273214893116,6.4,4.82273214893116,7.6438e-06
64,5,2,32,0.006963851622951104,14,65226.0,32256,896,0.4813035303948193,7.2,4.813035303948193,6.7018e-06
64,6,2,32,0.006788885275367699,12,62052.0,30720,768,0.48117285884343086,8.0,4.811728588434309,6.384399999999999e-06
64,2,2,64,0.006951956987940023,18,74619.0,36864,1152,0.48244362722644646,6.4,4.824436272264465,7.641099999999999e-06
64,3,2,64,0.006788885275367699,12,62034.0,30720,768,0.4813085576410867,8.0,4.813085576410867,6.3826000000000005e-06
16,48,4,2,0.006988583692343186,28,73920.0,35840,1344,0.47337278106508873,5.333333333333334,4.733727810650887,7.5712000000000005e-06
16,56,4,2,0.006956673574243668,25,72400.0,35200,1400,0.47444468406297174,5.0285714285714285,4.744446840629718,7.4192e-06
16,64,4,2,0.006940574748488535,23,72496.0,35328,1472,0.4755545983200517,4.8,4.755545983200517,7.428799999999999e-06
16,72,4,2,0.006852994893937318,22,74976.0,36608,1584,0.4768653605669029,4.622222222222222,4.622222222222222,7.92e-06
16,80,4,2,0.006857687784999662,21,76944.0,37632,1680,0.4779516358463727,4.48,4.48,8.4e-06
16,88,4,2,0.0068955528061909275,20,78400.0,38400,1760,0.4788507581803671,4.363636363636363,4.363636363636363,8.8e-06
16,96,4,2,0.006873639974453189,20,83520.0,40960,1920,0.48012003000750186,4.266666666666666,4.266666666666666,9.600000000000001e-06
16,12,4,8,0.006986564973636873,38,98952.0,48640,608,0.48280790915588023,16.0,4.828079091558802,1.0074400000000001e-05
16,14,4,8,0.006947129783689108,33,94380.0,46464,528,0.4831343842282577,17.6,4.831343842282577,9.617199999999998e-06
16,16,4,8,0.006926112645809451,29,90364.0,44544,464,0.48335431225313596,19.2,4.83354312253136,9.2156e-06
16,18,4,8,0.006876808195860766,26,87672.0,43264,468,0.4835911651614057,18.488888888888887,4.835911651614057,8.9464e-06
16,20,4,8,0.006886363349168083,23,83444.0,41216,460,0.4835515509878455,17.92,4.835515509878455,8.523600000000001e-06
16,22,4,8,0.006950834290322359,21,81564.0,40320,462,0.48370843130668456,17.454545454545453,4.837084313066845,8.3356e-06
16,24,4,8,0.006873639974453189,20,82800.0,40960,480,0.48420654435407606,17.066666666666663,4.84206544354076,8.4592e-06
16,6,4,16,0.006964967172052753,42,109116.0,53760,672,0.4847260792729109,16.0,4.847260792729109,1.1090799999999999e-05
16,7,4,16,0.006962128108749083,35,99890.0,49280,560,0.4846482169902244,17.6,4.846482169902244,1.01682e-05
16,8,4,16,0.006889403318884645,31,96410.0,47616,496,0.48487810838883116,19.2,4.848781083888312,9.8202e-06
16,9,4,16,0.00696779171546655,27,90882.0,44928,432,0.48479616720978913,20.8,4.847961672097892,9.2674e-06
16,10,4,16,0.006930876732438723,24,86928.0,43008,384,0.484761045987376,22.4,4.84761045987376,8.872e-06
16,11,4,16,0.006880686943873062,22,85316.0,42240,352,0.4849152775864444,24.0,4.849152775864444,8.710800000000001e-06
16,12,4,16,0.006873639974453189,20,82680.0,40960,320,0.4848944028790605,25.6,4.848944028790605,8.447200000000001e-06
16,3,4,32,0.006963877946000731,43,111585.0,55040,688,0.48546001393580707,16.0,4.85460013935807,1.13377e-05
16,4,4,32,0.006927131600621193,32,99424.0,49152,512,0.4856149225418906,19.2,4.856149225418906,1.01216e-05
16,5,4,32,0.00689639103927377,25,90475.0,44800,400,0.4855473788028222,22.4,4.855473788028222,9.226700000000001e-06
16,6,4,32,0.006873639974453189,20,82620.0,40960,320,0.48523906553570584,25.6,4.852390655357058,8.441200000000001e-06
16,2,4,64,0.006955657186687728,32,99376.0,49152,512,0.4858453265854816,19.2,4.858453265854815,1.0116800000000001e-05
16,3,4,64,0.006873639974453189,20,82590.0,40960,320,0.48541158066886303,25.6,4.854115806688631,8.438199999999998e-06
20,48,4,2,0.006986366986020566,23,66608.0,32384,1104,0.47345029239766084,5.866666666666666,4.734502923976608,6.84e-06
20,56,4,2,0.006930151119703047,21,66192.0,32256,1176,0.4744645799011532,5.485714285714286,4.744645799011532,6.798400000000001e-06
20,64,4,2,0.006936289514217578,19,64752.0,31616,1216,0.4751142101466699,5.2,4.751142101466699,6.654399999999999e-06
20,72,4,2,0.006898368658974934,18,65952.0,32256,1296,0.4761454888993859,4.977777777777778,4.761454888993859,6.774400000000001e-06
20,80,4,2,0.006950288002093348,17,66640.0,32640,1360,0.47696983867196635,4.8,4.769698386719663,6.8432e-06
20,88,4,2,0.006864057019510072,17,70992.0,34816,1496,0.47834688942624753,4.654545454545455,4.654545454545455,7.479999999999999e-06
20,96,4,2,0.006822371220956731,17,75344.0,36992,1632,0.4795685542418585,4.533333333333334,4.533333333333334,8.159999999999998e-06
20,12,4,8,0.006987165632761853,31,88660.0,43648,620,0.4825542829345951,14.080000000000002,4.8255428293459515,9.045200000000001e-06
20,14,4,8,0.006964973461535819,27,84132.0,41472,540,0.4826590940831432,15.36,4.826590940831432,8.592400000000001e-06
20,16,4,8,0.00689624298482441,24,80928.0,39936,480,0.4827852998065764,16.64,4.827852998065764,8.272e-06
20,18,4,8,0.0069407013699851056,21,76188.0,37632,420,0.4825852782764811,17.92,4.825852782764811,7.798e-06
20,20,4,8,0.006921808959270345,19,73796.0,36480,380,0.48261628829973013,19.2,4.826162882997301,7.5588e-06
20,22,4,8,0.0068139816959620625,18,74520.0,36864,396,0.4830695041408953,18.61818181818182,4.830695041408953,7.631199999999999e-06
20,24,4,8,0.006822371220956731,17,74732.0,36992,408,0.4834038994302441,18.133333333333336,4.834038994302441,7.6524e-06
20,6,4,16,0.006917745527380634,34,97036.0,47872,680,0.4843971344153479,14.080000000000002,4.843971344153479,9.8828e-06
20,7,4,16,0.006934427292753171,29,90190.0,44544,580,0.4842686612598117,15.36,4.842686612598117,9.198200000000001e-06
20,8,4,16,0.006980758609664872,25,84150.0,41600,500,0.48404738079169674,16.64,4.840473807916967,8.594200000000002e-06
20,9,4,16,0.006969383219620325,22,79684.0,39424,440,0.48387255142618685,17.92,4.838725514261869,8.1476e-06
20,10,4,16,0.0068953603994147145,20,77560.0,38400,400,0.48391974997479587,19.2,4.839197499747959,7.935199999999998e-06
20,11,4,16,0.006914584555128809,18,74412.0,36864,360,0.48375413364127867,20.48,4.837541336412786,7.620400000000001e-06
20,12,4,16,0.006822371220956731,17,74630.0,36992,340,0.484049095810107,21.76,4.84049095810107,7.6422e-06
20,3,4,32,0.00694387446731424,35,99785.0,49280,700,0.4851491971607746,14.080000000000002,4.851491971607746,1.0157700000000001e-05
20,4,4,32,0.0069639946129685885,26,87438.0,43264,520,0.4848593522357951,16.64,4.848593522357952,8.923e-06
20,5,4,32,0.006860257386255409,21,81375.0,40320,420,0.4848076761215386,19.2,4.848076761215386,8.316700000000001e-06
20,6,4,32,0.006822371220956731,17,74579.0,36992,340,0.4843723402862343,21.76,4.843723402862343,7.6371e-06
20,2,4,64,0.006979726364390573,26,87399.0,43264,520,0.4850713637026157,16.64,4.850713637026157,8.9191e-06
20,3,4,64,0.006822371220956731,17,74553.5,36992,340,0.4845341244736101,21.76,4.845341244736101,7.63455e-06
24,48,4,2,0.006898943316976491,20,63040.0,30720,960,0.4738400789733465,6.4,4.738400789733465,6.4832e-06
24,56,4,2,0.006873744198570722,18,61344.0,29952,1008,0.4744044602128738,5.942857142857143,4.744044602128738,6.3136e-06
24,64,4,2,0.006958282240403692,16,58624.0,28672,1024,0.4745762711864407,5.6,4.745762711864407,6.041600000000001e-06
24,72,4,2,0.006940974760408688,15,58800.0,28800,1080,0.47531027198310005,5.333333333333334,4.753102719831,6.0592e-06
24,80,4,2,0.006796743615241317,15,62640.0,30720,1200,0.4767817233672709,5.12,4.76781723367271,6.4431999999999996e-06
24,88,4,2,0.006943030075086027,14,62048.0,30464,1232,0.47719298245614034,4.945454545454545,4.771929824561403,6.384e-06
24,96,4,2,0.00691550022334873,14,65632.0,32256,1344,0.47840531561461797,4.8,4.78405315614618,6.7424e-06
24,12,4,8,0.006897776526648175,27,84132.0,41472,648,0.4826590940831432,12.8,4.826590940831432,8.592400000000001e-06
24,14,4,8,0.0069165776753642855,23,77556.0,38272,552,0.48233099763069015,13.866666666666665,4.823309976306901,7.9348e-06
24,16,4,8,0.006946007385990825,20,72560.0,35840,480,0.4820314181192167,14.933333333333334,4.820314181192167,7.4351999999999996e-06
24,18,4,8,0.006906907583128461,18,69912.0,34560,432,0.48198147941537434,16.0,4.819814794153744,7.1704e-06
24,20,4,8,0.006925726556775263,16,66240.0,32768,384,0.4816556914393227,17.066666666666663,4.816556914393227,6.803199999999999e-06
24,22,4,8,0.006863850876636251,15,65940.0,32640,360,0.4818992499852359,18.133333333333336,4.818992499852359,6.7732e-06
24,24,4,8,0.00691550022334873,14,65128.0,32256,336,0.4820083682008368,19.2,4.820083682008368,6.692e-06
24,6,4,16,0.0069949566411545445,28,87080.0,43008,672,0.4839319470699433,12.8,4.839319470699433,8.8872e-06
24,7,4,16,0.006910589877101036,25,84150.0,41600,600,0.48404738079169674,13.866666666666665,4.840473807916967,8.594200000000002e-06
24,8,4,16,0.0068709824399787005,22,79684.0,39424,528,0.48387255142618685,14.933333333333334,4.838725514261869,8.1476e-06
24,9,4,16,0.006903729273789247,19,73682.0,36480,456,0.4833452579696319,16.0,4.833452579696319,7.547400000000001e-06
24,10,4,16,0.006869745450553428,17,70278.0,34816,408,0.4830858887193007,17.066666666666663,4.830858887193007,7.206999999999999e-06
24,11,4,16,0.0069450807284005996,15,65850.0,32640,360,0.4825404334585021,18.133333333333336,4.825404334585021,6.7642e-06
24,12,4,16,0.00691550022334873,14,65044.0,32256,336,0.48261416003351487,19.2,4.8261416003351485,6.683600000000001e-06
24,3,4,32,0.0069962708681053296,29,90103.0,44544,696,0.48472713422928343,12.8,4.847271342292834,9.1895e-06
24,4,4,32,0.0069874538777341,22,79618.0,39424,528,0.4842648323301806,14.933333333333334,4.842648323301805,8.141e-06
24,5,4,32,0.0069980393923684495,17,70227.0,34816,408,0.4834279842819256,17.066666666666663,4.834279842819257,7.201899999999999e-06
24,6,4,32,0.00691550022334873,14,65002.0,32256,336,0.4829176273317963,19.2,4.829176273317962,6.679400000000001e-06
24,2,4,64,0.006971924818153577,22,79585.0,39424,528,0.48446121139879816,14.933333333333334,4.844612113987981,8.1377e-06
24,3,4,64,0.00691550022334873,14,64981.0,32256,336,0.4830695041408953,19.2,4.830695041408953,6.6773e-06
28,48,4,2,0.00699837352731324,17,57936.0,28288,816,0.4736137155103134,6.933333333333333,4.736137155103134,5.9728e-06
28,56,4,2,0.006832132600532497,16,58624.0,28672,896,0.4745762711864407,6.4,4.745762711864407,6.041600000000001e-06
28,64,4,2,0.0069624157486974335,14,54880.0,26880,896,0.4743083003952569,6.0,4.743083003952569,5.6672e-06
28,72,4,2,0.006734556674250921,14,58464.0,28672,1008,0.4758364312267658,5.688888888888889,4.758364312267657,6.025600000000001e-06
28,80,4,2,0.006853881903109103,13,57616.0,28288,1040,0.4761648262860221,5.44,4.761648262860221,5.9408e-06
28,88,4,2,0.006768514335693014,13,60944.0,29952,1144,0.4774292272379495,5.236363636363637,4.774292272379495,6.2736e-06
28,96,4,2,0.0067374903230950235,13,64272.0,31616,1248,0.4785662387987406,5.066666666666666,4.785662387987406,6.606400000000001e-06
28,12,4,8,0.006868375773516979,24,80928.0,39936,672,0.4827852998065764,11.885714285714286,4.827852998065764,8.272e-06
28,14,4,8,0.006933190891253247,20,72560.0,35840,560,0.4820314181192167,12.8,4.820314181192167,7.4351999999999996e-06
28,16,4,8,0.00684417738017257,18,69912.0,34560,504,0.48198147941537434,13.714285714285714,4.819814794153744,7.1704e-06
28,18,4,8,0.006838808265735004,16,66240.0,32768,448,0.4816556914393227,14.628571428571428,4.816556914393227,6.803199999999999e-06
28,20,4,8,0.00692717990851161,14,61544.0,30464,392,0.48099027409372236,15.542857142857141,4.809902740937224,6.333600000000001e-06
28,22,4,8,0.006920130991592981,13,60476.0,29952,364,0.48101753709770667,16.45714285714286,4.810175370977067,6.2268e-06
28,24,4,8,0.0067374903230950235,13,63804.0,31616,364,0.4819806085736935,17.371428571428574,4.819806085736936,6.5596e-06
28,6,4,16,0.0069292301195625055,25,84150.0,41600,700,0.48404738079169674,11.885714285714286,4.840473807916967,8.594200000000002e-06
28,7,4,16,0.006911943907412466,22,79684.0,39424,616,0.48387255142618685,12.8,4.838725514261869,8.1476e-06
28,8,4,16,0.006898449145542031,19,73682.0,36480,532,0.4833452579696319,13.714285714285714,4.833452579696319,7.547400000000001e-06
28,9,4,16,0.006864319375703944,17,70278.0,34816,476,0.4830858887193007,14.628571428571428,4.830858887193007,7.206999999999999e-06
28,10,4,16,0.006854495982957821,15,65850.0,32640,420,0.4825404334585021,15.542857142857141,4.825404334585021,6.7642e-06
28,11,4,16,0.006740909819049875,14,65044.0,32256,392,0.48261416003351487,16.45714285714286,4.8261416003351485,6.683600000000001e-06
28,12,4,16,0.0067374903230950235,13,63726.0,31616,364,0.4825544125278549,17.371428571428574,4.825544125278549,6.5518000000000005e-06
28,3,4,32,0.006949808101469099,26,87438.0,43264,728,0.4848593522357951,11.885714285714286,4.848593522357952,8.923e-06
28,4,4,32,0.0068775479342217324,20,77500.0,38400,560,0.4842859304847904,13.714285714285714,4.842859304847904,7.9292e-06
28,5,4,32,0.006987860900076503,15,65805.0,32640,420,0.48286166545852627,15.542857142857141,4.828616654585263,6.7597e-06
28,6,4,32,0.0067374903230950235,13,63687.0,31616,364,0.4828418271506895,17.371428571428574,4.828418271506895,6.5479e-06
28,2,4,64,0.006862412757750144,20,77470.0,38400,560,0.48446922863415004,13.714285714285714,4.8446922863415,7.9262e-06
28,3,4,64,0.0067374903230950235,13,63667.5,31616,364,0.4829856628907951,17.371428571428574,4.829856628907951,6.5459499999999996e-06
32,48,4,2,0.006974984035415178,16,58624.0,28672,768,0.4745762711864407,7.466666666666667,4.745762711864407,6.041600000000001e-06
32,56,4,2,0.00679939900802291,15,58800.0,28800,840,0.47531027198310005,6.857142857142857,4.753102719831,6.0592e-06
32,64,4,2,0.006983204927270234,13,54288.0,26624,832,0.4747503566333809,6.4,4.747503566333809,5.608e-06
32,72,4,2,0.006755768077934328,13,57616.0,28288,936,0.4761648262860221,6.044444444444444,4.761648262860221,5.9408e-06
32,80,4,2,0.0069033908677515795,12,56256.0,27648,960,0.4762954796030871,5.76,4.762954796030871,5.8048e-06
32,88,4,2,0.006817637066826886,12,59328.0,29184,1056,0.4774869109947644,5.527272727272727,4.774869109947645,6.111999999999999e-06
32,96,4,2,0.006788885275367699,12,62400.0,30720,1152,0.4785643070787637,5.333333333333334,4.7856430707876365,6.4192e-06
32,12,4,8,0.006899472416910779,22,79816.0,39424,704,0.4830898931477306,11.2,4.830898931477306,8.1608e-06
32,14,4,8,0.006888773191581699,19,73796.0,36480,608,0.48261628829973013,12.0,4.826162882997301,7.5588e-06
32,16,4,8,0.006993095084840613,16,66240.0,32768,512,0.4816556914393227,12.8,4.816556914393227,6.803199999999999e-06
32,18,4,8,0.006808043079462318,15,65940.0,32640,480,0.4818992499852359,13.6,4.818992499852359,6.7732e-06
32,20,4,8,0.0069470754441466435,13,60476.0,29952,416,0.48101753709770667,14.4,4.810175370977067,6.2268e-06
32,22,4,8,0.006975993684946629,12,58896.0,29184,384,0.4808858423411548,15.2,4.8088584234115475,6.0688e-06
32,24,4,8,0.006788885275367699,12,61968.0,30720,384,0.48180677540777916,16.0,4.818067754077791,6.376e-06
32,6,4,16,0.006896916700910341,24,86928.0,43008,768,0.484761045987376,11.2,4.84761045987376,8.872e-06
32,7,4,16,0.006973319626062213,20,77560.0,38400,640,0.48391974997479587,12.0,4.839197499747959,7.935199999999998e-06
32,8,4,16,0.006819444095960924,18,74412.0,36864,576,0.48375413364127867,12.8,4.837541336412786,7.620400000000001e-06
32,9,4,16,0.006823676373833054,16,70240.0,34816,512,0.4833407374500222,13.6,4.833407374500222,7.2032e-06
32,10,4,16,0.006841171662477541,14,65044.0,32256,448,0.48261416003351487,14.4,4.8261416003351485,6.683600000000001e-06
32,11,4,16,0.006758945162899122,13,63726.0,31616,416,0.4825544125278549,15.2,4.825544125278549,6.5518000000000005e-06
32,12,4,16,0.006788885275367699,12,61896.0,30720,384,0.482351463383997,16.0,4.82351463383997,6.368799999999999e-06
32,3,4,32,0.006973752061671757,24,86856.0,43008,768,0.48515476942514213,11.2,4.851547694251421,8.864800000000002e-06
32,4,4,32,0.006942406137021658,18,74358.0,36864,576,0.48409717662508206,12.8,4.840971766250821,7.615e-06
32,5,4,32,0.006963851622951104,14,65002.0,32256,448,0.4829176273317963,14.4,4.829176273317962,6.679400000000001e-06
32,6,4,32,0.006788885275367699,12,61860.0,30720,384,0.48262426946521714,16.0,4.826242694652171,6.3652e-06
32,2,4,64,0.006951956987940023,18,74331.0,36864,576,0.48426888062740564,12.8,4.842688806274056,7.6123e-06
32,3,4,64,0.006788885275367699,12,61842.0,30720,384,0.48276078825784957,16.0,4.827607882578496,6.3634e-06
8,48,8,2,0.006983130791394178,32,84224.0,40960,1536,0.47619047619047616,5.333333333333334,4.761904761904762,8.6016e-06
8,56,8,2,0.006923930487720959,29,83752.0,40832,1624,0.47732161226970915,5.0285714285714285,4.773216122697091,8.554399999999999e-06
8,64,8,2,0.006946656664713819,26,81744.0,39936,1664,0.4780693353763647,4.8,4.780693353763647,8.353599999999999e-06
8,72,8,2,0.0068783812680872185,25,85000.0,41600,1800,0.47930684855747074,4.622222222222222,4.622222222222222,9e-06
8,80,8,2,0.006911437716722278,24,87744.0,43008,1920,0.48034310221586846,4.48,4.48,9.599999999999998e-06
8,88,8,2,0.006932743094274189,23,89976.0,44160,2024,0.48121349490018306,4.363636363636363,4.363636363636363,1.012e-05
8,96,8,2,0.006890096049004459,23,95864.0,47104,2208,0.4823461948062587,4.266666666666666,4.266666666666666,1.1040000000000001e-05
8,12,8,8,0.006994393490437471,44,114224.0,56320,528,0.48545028271962487,21.333333333333336,4.8545028271962485,1.1601600000000001e-05
8,14,8,8,0.006923534635448871,38,108376.0,53504,532,0.48565826737346596,20.114285714285714,4.85658267373466,1.1016800000000001e-05
8,16,8,8,0.006921107071487725,33,102564.0,50688,528,0.48572195178044386,19.2,4.857219517804438,1.04356e-05
8,18,8,8,0.006969278538820802,29,97556.0,48256,522,0.48572693964649516,18.488888888888887,4.857269396464952,9.934799999999998e-06
8,20,8,8,0.006873090594688656,27,97740.0,48384,540,0.4861150182855765,17.92,4.8611501828557655,9.953199999999998e-06
8,22,8,8,0.00686224587059874,25,96900.0,48000,550,0.4863616098569286,17.454545454545453,4.8636160985692865,9.869199999999999e-06
8,24,8,8,0.006890096049004459,23,95036.0,47104,552,0.4864708555376544,17.066666666666663,4.864708555376544,9.6828e-06
8,6,8,16,0.007114949454257578,46,119140.0,58880,368,0.4868851916779678,32.0,4.868851916779678,1.20932e-05
8,7,8,16,0.00692277754333745,41,116686.0,57728,328,0.48724657742365673,35.2,4.872465774236567,1.1847799999999999e-05
8,8,8,16,0.006994308801627799,35,108570.0,53760,280,0.48712419129772927,38.4,4.871241912977292,1.1036200000000001e-05
8,9,8,16,0.006967058032732823,31,104098.0,51584,279,0.4871470393804892,36.977777777777774,4.871470393804892,1.0589e-05
8,10,8,16,0.006922273453489141,28,101192.0,50176,280,0.48722131593257206,35.84,4.872213159325721,1.02984e-05
8,11,8,16,0.006922291552362333,25,96750.0,48000,275,0.4871019463781941,34.90909090909091,4.871019463781941,9.8542e-06
8,12,8,16,0.006890096049004459,23,94898.0,47104,276,0.48716516702864826,34.133333333333326,4.871651670286482,9.669e-06
8,3,8,32,0.007245415523208373,46,119002.0,58880,368,0.4874414292100601,32.0,4.874414292100601,1.20794e-05
8,4,8,32,0.006967194046448128,36,111564.0,55296,288,0.4878083206888034,38.4,4.878083206888034,1.13356e-05
8,5,8,32,0.006994154570481961,28,101108.0,50176,224,0.4876190476190476,44.8,4.876190476190477,1.0289999999999998e-05
8,6,8,32,0.006890096049004459,23,94829.0,47104,184,0.48751306651763077,51.2,4.875130665176307,9.6621e-06
8,2,8,64,0.006980311746879744,36,111510.0,55296,288,0.48804081128311944,38.4,4.880408112831194,1.13302e-05
8,3,8,64,0.006890096049004459,23,94794.5,47104,184,0.487687202662898,51.2,4.8768720266289804,9.65865e-06
10,48,8,2,0.006975902371184239,26,75088.0,36608,1248,0.4761706555671176,5.866666666666666,4.761706555671176,7.688e-06
10,56,8,2,0.006974749433243558,23,72312.0,35328,1288,0.47673539889884486,5.485714285714286,4.767353988988448,7.4104e-06
10,64,8,2,0.006994229764548464,21,71400.0,34944,1344,0.4774292272379495,5.2,4.774292272379495,7.3192e-06
10,72,8,2,0.006924375124205077,20,73120.0,35840,1440,0.4784280222127296,4.977777777777778,4.784280222127296,7.4911999999999995e-06
10,80,8,2,0.006946471313974807,19,74328.0,36480,1520,0.4792433000525486,4.8,4.792433000525486,7.612e-06
10,88,8,2,0.00686437884444527,19,79192.0,38912,1672,0.4804899733280648,4.654545454545455,4.654545454545455,8.359999999999998e-06
10,96,8,2,0.006865242790770422,19,84056.0,41344,1824,0.48159537787717827,4.533333333333334,4.533333333333334,9.119999999999997e-06
10,12,8,8,0.006942248643153236,35,99820.0,49280,420,0.4849820887296776,23.466666666666665,4.849820887296776,1.01612e-05
10,14,8,8,0.006947094542504861,30,93240.0,46080,420,0.4848893004461655,21.942857142857143,4.848893004461655,9.503199999999999e-06
10,16,8,8,0.006896939632079125,27,90828.0,44928,432,0.4850788166702656,20.8,4.850788166702656,9.262e-06
10,18,8,8,0.0068858906427031515,24,86880.0,43008,432,0.485023457235655,19.91111111111111,4.85023457235655,8.867199999999999e-06
10,20,8,8,0.0069854618815964765,21,81396.0,40320,420,0.4846852911477617,19.2,4.846852911477617,8.318799999999999e-06
10,22,8,8,0.0068430627203043114,20,82640.0,40960,440,0.4851241235550502,18.61818181818182,4.851241235550502,8.4432e-06
10,24,8,8,0.006865242790770422,19,83372.0,41344,456,0.4854633413179278,18.133333333333336,4.854633413179278,8.5164e-06
10,6,8,16,0.006990877519230767,38,108148.0,53504,380,0.48666545388393667,28.160000000000004,4.8666545388393665,1.0994000000000002e-05
10,7,8,16,0.006928016132871827,33,102366.0,50688,330,0.4866452888880355,30.72,4.866452888880355,1.04158e-05
10,8,8,16,0.006976383427192224,28,94024.0,46592,280,0.4862653419053185,33.28,4.862653419053185,9.5816e-06
10,9,8,16,0.006929923900793373,25,90350.0,44800,250,0.48620607323478976,35.84,4.8620607323478975,9.2142e-06
10,10,8,16,0.006958742079602547,22,85140.0,42240,220,0.4858970229604749,38.4,4.858970229604749,8.693199999999998e-06
10,11,8,16,0.006923286888099983,20,82520.0,40960,220,0.485814593414935,37.23636363636364,4.85814593414935,8.431199999999998e-06
10,12,8,16,0.006865242790770422,19,83258.0,41344,228,0.486114050558495,36.26666666666667,4.86114050558495,8.505e-06
10,3,8,32,0.0069385947010177475,40,113720.0,56320,400,0.4875683911628229,28.160000000000004,4.875683911628229,1.1551199999999999e-05
10,4,8,32,0.006991521841164566,29,97295.0,48256,290,0.4870063681411285,33.28,4.870063681411285,9.9087e-06
10,5,8,32,0.006947596007601973,23,88941.0,44160,230,0.48670274321360474,38.4,4.867027432136047,9.073300000000002e-06
10,6,8,32,0.006865242790770422,19,83201.0,41344,190,0.48644005976962806,43.52,4.864400597696281,8.499300000000002e-06
10,2,8,64,0.006997908340097079,29,97251.5,48256,290,0.4872202618041568,33.28,4.872202618041568,9.904350000000001e-06
10,3,8,64,0.006865242790770422,19,83172.5,41344,190,0.4866032284071583,43.52,4.866032284071583,8.49645e-06
12,48,8,2,0.006895945559177014,22,69168.0,33792,1056,0.4762119503945885,6.4,4.762119503945885,7.096e-06
12,56,8,2,0.0068387644406686515,20,68000.0,33280,1120,0.4768454837230628,5.942857142857143,4.768454837230628,6.9792e-06
12,64,8,2,0.006873035407001653,18,65808.0,32256,1152,0.4771597633136095,5.6,4.7715976331360945,6.76e-06
12,72,8,2,0.006830955176387314,17,66504.0,32640,1224,0.47791964390301045,5.333333333333334,4.7791964390301045,6.8296e-06
12,80,8,2,0.00690693218581231,16,66688.0,32768,1280,0.4785046728971963,5.12,4.785046728971963,6.8479999999999995e-06
12,88,8,2,0.006822510211107285,16,70784.0,34816,1408,0.47971781305114636,4.945454545454545,4.797178130511464,7.257600000000001e-06
12,96,8,2,0.0067879739286695814,16,74880.0,36864,1536,0.48080133555926546,4.8,4.8,7.68e-06
12,12,8,8,0.006963555192043825,29,90132.0,44544,348,0.48457421348070145,25.6,4.845742134807015,9.1924e-06
12,14,8,8,0.006956483095498357,25,84100.0,41600,350,0.48432915754668654,23.771428571428572,4.843291575466865,8.5892e-06
12,16,8,8,0.006927720879278291,22,79640.0,39424,352,0.4841340013753807,22.4,4.841340013753807,8.1432e-06
12,18,8,8,0.006869331709036498,20,77520.0,38400,360,0.4841638087552955,21.333333333333336,4.841638087552955,7.931200000000001e-06
12,20,8,8,0.006864854940854611,18,74376.0,36864,360,0.483982774918601,20.48,4.83982774918601,7.6168000000000005e-06
12,22,8,8,0.006978640995092724,16,70208.0,34816,352,0.48355555555555557,19.78181818181818,4.835555555555556,7.2e-06
12,24,8,8,0.0067879739286695814,16,74304.0,36864,384,0.48444070647603027,19.2,4.844407064760302,7.6096e-06
12,6,8,16,0.006954739169603843,31,96162.0,47616,372,0.4861057230945138,25.6,4.861057230945137,9.7954e-06
12,7,8,16,0.006993729082579862,27,90666.0,44928,324,0.48592874602522224,27.73333333333333,4.859287460252222,9.2458e-06
12,8,8,16,0.006882272274040441,24,86736.0,43008,288,0.4858123983372492,29.866666666666667,4.858123983372492,8.852800000000001e-06
12,9,8,16,0.00691257232346307,21,81270.0,40320,252,0.48542052924321594,32.0,4.85420529243216,8.306199999999999e-06
12,10,8,16,0.006844892414166526,19,78394.0,38912,228,0.48527174319706684,34.133333333333326,4.852717431970668,8.0186e-06
12,11,8,16,0.006858418668843974,17,74494.0,36992,204,0.4849120415279344,36.26666666666667,4.8491204152793435,7.6286e-06
12,12,8,16,0.0067879739286695814,16,74208.0,36864,192,0.48505263157894735,38.4,4.850526315789473,7.600000000000001e-06
12,3,8,32,0.0069012391255152935,33,102267.0,50688,396,0.48710827511315696,25.6,4.87108275113157,1.04059e-05
12,4,8,32,0.00688068629508878,25,90275.0,44800,300,0.4866021484353786,29.866666666666667,4.8660214843537855,9.206700000000001e-06
12,5,8,32,0.006945320140630312,19,78337.0,38912,228,0.4856169426799286,34.133333333333326,4.856169426799286,8.0129e-06
12,6,8,32,0.0067879739286695814,16,74160.0,36864,192,0.48535917421529384,38.4,4.853591742152938,7.5952000000000006e-06
12,2,8,64,0.006974661619623563,24,86628.0,43008,288,0.48640579054512556,29.866666666666667,4.864057905451256,8.841999999999998e-06
12,3,8,64,0.0067879739286695814,16,74136.0,36864,192,0.4855125908755663,38.4,4.855125908755663,7.5928e-06
14,48,8,2,0.006988004109108372,18,61200.0,29952,864,0.47548895097790195,6.933333333333333,4.754889509779019,6.2992e-06
14,56,8,2,0.006988283524890771,16,58496.0,28672,896,0.47558386411889597,6.4,4.7558386411889595,6.0288e-06
14,64,8,2,0.0068868812778458185,15,58680.0,28800,960,0.47625347268157164,6.0,4.7625347268157165,6.0471999999999995e-06
14,72,8,2,0.006895207878899824,14,58352.0,28672,1008,0.4767225325884544,5.688888888888889,4.767225325884544,6.0143999999999995e-06
14,80,8,2,0.006750843278341419,14,61936.0,30464,1120,0.4780316344463972,5.44,4.780316344463972,6.3728e-06
14,88,8,2,0.006933315229718184,13,60840.0,29952,1144,0.47822199514625113,5.236363636363637,4.782219951462511,6.2632e-06
14,96,8,2,0.006906755530517615,13,64168.0,31616,1248,0.47932080048514253,5.066666666666666,4.793208004851425,6.596e-06
14,12,8,8,0.0068819648600370155,25,84100.0,41600,350,0.48432915754668654,23.771428571428572,4.843291575466865,8.5892e-06
14,14,8,8,0.006949367268960328,21,76020.0,37632,294,0.4836272040302267,25.6,4.8362720403022665,7.781200000000001e-06
14,16,8,8,0.006836806359432899,19,73644.0,36480,304,0.48358873747282466,24.0,4.835887374728246,7.5436e-06
14,18,8,8,0.006810468278347933,17,70244.0,34816,306,0.48331389860625246,22.755555555555556,4.833138986062525,7.203599999999999e-06
14,20,8,8,0.006864276810427478,15,65820.0,32640,300,0.4827545406140922,21.76,4.8275454061409215,6.7612e-06
14,22,8,8,0.006830759431698204,14,65016.0,32256,308,0.48281642917015927,20.94545454545455,4.828164291701593,6.6808000000000005e-06
14,24,8,8,0.006906755530517615,13,63700.0,31616,312,0.4827459842423502,20.266666666666666,4.827459842423502,6.549200000000001e-06
14,6,8,16,0.006994430707187072,26,87308.0,43264,364,0.48556677890011224,23.771428571428572,4.855667789001123,8.91e-06
14,7,8,16,0.006893855917950109,23,83122.0,41216,322,0.48538521327460726,25.6,4.853852132746073,8.4914e-06
14,8,8,16,0.006896052448407734,20,77400.0,38400,280,0.4848974643903425,27.428571428571427,4.848974643903425,7.9192e-06
14,9,8,16,0.0068494947473487135,18,74268.0,36864,252,0.484669997370497,29.257142857142856,4.84669997370497,7.605999999999999e-06
14,10,8,16,0.006813219837573872,16,70112.0,34816,224,0.4842011570983534,31.085714285714282,4.842011570983534,7.1904e-06
14,11,8,16,0.006907763242633419,14,64932.0,32256,196,0.48342425514057913,32.91428571428572,4.834242551405791,6.6724e-06
14,12,8,16,0.006906755530517615,13,63622.0,31616,182,0.48332161311034333,34.74285714285715,4.833216131103433,6.541400000000001e-06
14,3,8,32,0.0069944911112533766,27,90585.0,44928,378,0.4863548285828724,23.771428571428572,4.863548285828724,9.2377e-06
14,4,8,32,0.006881958546144196,21,81207.0,40320,294,0.48578898540946275,27.428571428571427,4.857889854094627,8.299900000000002e-06
14,5,8,32,0.006930387944571717,16,70064.0,34816,224,0.48452460476508574,31.085714285714282,4.845246047650857,7.1856e-06
14,6,8,32,0.006906755530517615,13,63583.0,31616,182,0.48360994263862334,34.74285714285715,4.836099426386234,6.537499999999999e-06
14,2,8,64,0.006980616119815414,20,77310.0,38400,280,0.4854491668984349,27.428571428571427,4.854491668984349,7.910200000000001e-06
14,3,8,64,0.006906755530517615,13,63563.5,31616,182,0.4837542364452877,34.74285714285715,4.837542364452877,6.5355500000000005e-06
16,48,8,2,0.006974984035415178,16,58496.0,28672,768,0.47558386411889597,7.466666666666667,4.7558386411889595,6.0288e-06
16,56,8,2,0.00679939900802291,15,58680.0,28800,840,0.47625347268157164,6.857142857142857,4.7625347268157165,6.0471999999999995e-06
16,64,8,2,0.006983204927270234,13,54184.0,26624,832,0.4756324138916679,6.4,4.756324138916678,5.5976e-06
16,72,8,2,0.006755768077934328,13,57512.0,28288,936,0.4769998651018481,6.044444444444444,4.769998651018481,5.9304e-06
16,80,8,2,0.0069033908677515795,12,56160.0,27648,960,0.4770844837106571,5.76,4.770844837106571,5.7952e-06
16,88,8,2,0.006817637066826886,12,59232.0,29184,1056,0.47823807026743576,5.527272727272727,4.782380702674358,6.102399999999999e-06
16,96,8,2,0.006788885275367699,12,62304.0,30720,1152,0.47928107838242634,5.333333333333334,4.7928107838242635,6.4096000000000004e-06
16,12,8,8,0.006899472416910779,22,79640.0,39424,352,0.4841340013753807,22.4,4.841340013753807,8.1432e-06
16,14,8,8,0.006888773191581699,19,73644.0,36480,304,0.48358873747282466,24.0,4.835887374728246,7.5436e-06
16,16,8,8,0.006993095084840613,16,66112.0,32768,256,0.4825636192271442,25.6,4.825636192271442,6.7904e-06
16,18,8,8,0.006808043079462318,15,65820.0,32640,270,0.4827545406140922,24.177777777777777,4.8275454061409215,6.7612e-06
16,20,8,8,0.0069470754441466435,13,60372.0,29952,260,0.48182227655878,23.04,4.8182227655878,6.2164e-06
16,22,8,8,0.006975993684946629,12,58800.0,29184,264,0.4816477422762081,22.10909090909091,4.816477422762081,6.0591999999999995e-06
16,24,8,8,0.006788885275367699,12,61872.0,30720,288,0.4825332998240764,21.333333333333336,4.825332998240764,6.3664e-06
16,6,8,16,0.006896916700910341,24,86736.0,43008,384,0.4858123983372492,22.4,4.858123983372492,8.852800000000001e-06
16,7,8,16,0.006973319626062213,20,77400.0,38400,320,0.4848974643903425,24.0,4.848974643903425,7.9192e-06
16,8,8,16,0.006819444095960924,18,74268.0,36864,288,0.484669997370497,25.6,4.84669997370497,7.605999999999999e-06
16,9,8,16,0.006823676373833054,16,70112.0,34816,256,0.4842011570983534,27.2,4.842011570983534,7.1904e-06
16,10,8,16,0.006841171662477541,14,64932.0,32256,224,0.48342425514057913,28.8,4.834242551405791,6.6724e-06
16,11,8,16,0.006758945162899122,13,63622.0,31616,208,0.48332161311034333,30.4,4.833216131103433,6.541400000000001e-06
16,12,8,16,0.006788885275367699,12,61800.0,30720,192,0.483079632658196,32.0,4.83079632658196,6.3592e-06
16,3,8,32,0.006973752061671757,24,86664.0,43008,384,0.48620783214253416,22.4,4.862078321425342,8.845599999999999e-06
16,4,8,32,0.006942406137021658,18,74214.0,36864,288,0.48501434097308105,25.6,4.85014340973081,7.6006000000000005e-06
16,5,8,32,0.006963851622951104,14,64890.0,32256,224,0.48372874238925045,28.8,4.837287423892505,6.6682e-06
16,6,8,32,0.006788885275367699,12,61764.0,30720,192,0.4833532632638933,32.0,4.833532632638933,6.3556e-06
16,2,8,64,0.006951956987940023,18,74187.0,36864,288,0.48518669632398426,25.6,4.851866963239843,7.5979e-06
16,3,8,64,0.006788885275367699,12,61746.0,30720,192,0.48349019484403033,32.0,4.8349019484403035,6.3538e-06
4,48,16,2,0.0069337577367556275,35,91980.0,44800,1680,0.477754553598089,5.333333333333334,4.77754553598089,9.3772e-06
4,56,16,2,0.0069536478837948605,31,89404.0,43648,1736,0.4786174832229484,5.0285714285714285,4.786174832229484,9.119599999999998e-06
4,64,16,2,0.006884354178689358,29,91060.0,44544,1856,0.4797311851117908,4.8,4.797311851117908,9.285199999999999e-06
4,72,16,2,0.006997158911211726,26,88296.0,43264,1872,0.4802415416037652,4.622222222222222,4.622222222222222,9.36e-06
4,80,16,2,0.006965122999566024,25,91300.0,44800,2000,0.48124436041765134,4.48,4.48,9.999999999999997e-06
4,88,16,2,0.006875408186466873,25,97700.0,48000,2200,0.4824508503196237,4.363636363636363,4.363636363636363,1.1e-05
4,96,16,2,0.006975915481689614,24,99936.0,49152,2304,0.483170808430324,4.266666666666666,4.266666666666666,1.1520000000000002e-05
4,12,16,8,0.007089971437517915,46,119232.0,58880,552,0.4865150713907985,21.333333333333336,4.865150713907985,1.21024e-05
4,14,16,8,0.006930301491380207,42,119616.0,59136,588,0.4870848708487085,20.114285714285714,4.870848708487085,1.21408e-05
4,16,16,8,0.006951738096067767,36,111744.0,55296,576,0.48703494926719276,19.2,4.870349492671927,1.1353600000000003e-05
4,18,16,8,0.006992512653033547,31,104160.0,51584,558,0.48686197523406827,18.488888888888887,4.868619752340683,1.0595199999999998e-05
4,20,16,8,0.006989135592234602,28,101248.0,50176,560,0.48695652173913045,17.92,4.869565217391305,1.0304e-05
4,22,16,8,0.00693396960310372,26,100672.0,49920,572,0.4871955028107433,17.454545454545453,4.871955028107433,1.0246399999999999e-05
4,24,16,8,0.006975915481689614,24,99072.0,49152,576,0.4873096446700508,17.066666666666663,4.873096446700508,1.0086399999999999e-05
4,6,16,16,0.007439543419756507,46,118956.0,58880,276,0.4876271242587869,42.66666666666667,4.876271242587869,1.20748e-05
4,7,16,16,0.006933491984527521,45,127890.0,63360,315,0.4885797566354621,40.22857142857143,4.885797566354621,1.29682e-05
4,8,16,16,0.006958880826281642,38,117724.0,58368,304,0.48836975802403026,38.4,4.883697580240303,1.1951600000000001e-05
4,9,16,16,0.006964342147675943,34,114036.0,56576,306,0.48844838899057225,36.977777777777774,4.884483889905723,1.1582799999999999e-05
4,10,16,16,0.006989674714949665,29,104690.0,51968,290,0.4880449277812212,35.84,4.880449277812212,1.06482e-05
4,11,16,16,0.0068931078709940415,27,104382.0,51840,297,0.4882551283741782,34.90909090909091,4.882551283741782,1.06174e-05
4,12,16,16,0.006975915481689614,24,98928.0,49152,288,0.4880063542494043,34.133333333333326,4.880063542494043,1.0072e-05
4,3,16,32,0.007516059781368362,46,118818.0,58880,184,0.48818505928198325,64.0,4.881850592819832,1.2061e-05
4,4,16,32,0.0069475939728975075,40,123800.0,61440,160,0.4892031339575769,76.8,4.8920313395757695,1.2559199999999998e-05
4,5,16,32,0.006937193727847803,31,111817.0,55552,155,0.48897534526313935,71.68,4.8897534526313935,1.13609e-05
4,6,16,32,0.006975915481689614,24,98856.0,49152,144,0.4883554566409665,68.26666666666665,4.883554566409665,1.00648e-05
4,2,16,64,0.006916172569097483,41,126833.5,62976,164,0.48960742621019937,76.8,4.896074262101994,1.286255e-05
4,3,16,64,0.006975915481689614,24,98820.0,49152,96,0.4885301952053433,102.4,4.885301952053433,1.0061200000000001e-05
5,48,16,2,0.006938641093432016,28,80752.0,39424,1344,0.47761194029850745,5.866666666666666,4.776119402985074,8.254400000000002e-06
5,56,16,2,0.006945119323303155,25,78500.0,38400,1400,0.4782543715438649,5.485714285714286,4.782543715438649,8.0292e-06
5,64,16,2,0.006925311543574543,23,78108.0,38272,1472,0.4789987484355444,5.2,4.789987484355444,7.990000000000001e-06
5,72,16,2,0.006847582490114985,22,80344.0,39424,1584,0.47998441609038667,4.977777777777778,4.7998441609038665,8.2136e-06
5,80,16,2,0.006860830614824112,21,82068.0,40320,1680,0.48080133555926546,4.8,4.8,8.4e-06
5,88,16,2,0.006957679211685616,20,83280.0,40960,1760,0.4814745157043446,4.654545454545455,4.654545454545455,8.799999999999999e-06
5,96,16,2,0.0069106635496900305,20,88400.0,43520,1920,0.48252616640056767,4.533333333333334,4.533333333333334,9.599999999999998e-06
5,12,16,8,0.00693572842708548,39,111072.0,54912,468,0.4865324638502977,23.466666666666665,4.865324638502977,1.12864e-05
5,14,16,8,0.006944771297202466,33,102432.0,50688,462,0.48633712004912494,21.942857142857143,4.863371200491249,1.0422400000000002e-05
5,16,16,8,0.006908019875117159,29,97440.0,48256,464,0.48629474363108677,20.8,4.862947436310868,9.923199999999998e-06
5,18,16,8,0.006967566436300275,25,90400.0,44800,450,0.48594238111766747,19.91111111111111,4.859423811176675,9.219200000000001e-06
5,20,16,8,0.006918100540383043,23,89056.0,44160,460,0.48608665022895386,19.2,4.8608665022895385,9.0848e-06
5,22,16,8,0.006943379113653803,21,86688.0,43008,462,0.4860759493670886,18.61818181818182,4.860759493670886,8.848e-06
5,24,16,8,0.0069106635496900305,20,87680.0,43520,480,0.4864091559370529,18.133333333333336,4.864091559370529,8.947200000000001e-06
5,6,16,16,0.006988325787929996,42,119364.0,59136,252,0.4880979893690779,46.93333333333333,4.880979893690779,1.2115599999999998e-05
5,7,16,16,0.006909453214380308,36,111528.0,55296,252,0.4879632897987999,43.885714285714286,4.879632897987999,1.1332e-05
5,8,16,16,0.006921055798194338,31,103974.0,51584,248,0.48771817030047465,41.6,4.877181703004746,1.05766e-05
5,9,16,16,0.006952392510357518,27,97470.0,48384,243,0.48743728717938384,39.82222222222222,4.874372871793838,9.9262e-06
5,10,16,16,0.006914263478915437,24,92784.0,46080,240,0.4872272035188631,38.4,4.872272035188631,9.4576e-06
5,11,16,16,0.006882978469643449,22,90684.0,45056,242,0.4872183052900212,37.23636363636364,4.872183052900212,9.247600000000001e-06
5,12,16,16,0.0069106635496900305,20,87560.0,43520,240,0.487062404870624,36.26666666666667,4.87062404870624,8.9352e-06
5,3,16,32,0.0069742241306122105,43,122077.0,60544,215,0.48877443105215995,56.32000000000001,4.887744310521599,1.2386900000000002e-05
5,4,16,32,0.0069083909708527545,32,107232.0,53248,160,0.488406222483123,66.56,4.88406222483123,1.09024e-05
5,5,16,32,0.006913765067189097,25,96575.0,48000,125,0.48796852603007107,76.8,4.879685260300711,9.836699999999999e-06
5,6,16,32,0.0069106635496900305,20,87500.0,43520,120,0.4873896877659813,72.53333333333335,4.873896877659813,8.9292e-06
5,2,16,64,0.0069703956323242475,32,107184.0,53248,160,0.4886213478197034,66.56,4.886213478197034,1.08976e-05
5,3,16,64,0.0069106635496900305,20,87470.0,43520,100,0.48755349420806166,87.04,4.875534942080616,8.926200000000001e-06
6,48,16,2,0.0068659682268828615,24,75360.0,36864,1152,0.47781003732890914,6.4,4.778100373289091,7.7152e-06
6,56,16,2,0.006913079691723547,21,71316.0,34944,1176,0.47797778628877824,5.942857142857143,4.779777862887783,7.3107999999999995e-06
6,64,16,2,0.006956445404865976,19,69388.0,34048,1216,0.4783366114076988,5.6,4.783366114076988,7.118e-06
6,72,16,2,0.006928728633802481,18,70344.0,34560,1296,0.47909504269712766,5.333333333333334,4.790950426971277,7.2136e-06
6,80,16,2,0.006986287729398698,17,70788.0,34816,1360,0.47969137503444476,5.12,4.796913750344448,7.257999999999999e-06
6,88,16,2,0.006874068701681866,17,75140.0,36992,1496,0.480840222534186,4.945454545454545,4.80840222534186,7.693200000000001e-06
6,96,16,2,0.00685553463055539,17,79492.0,39168,1632,0.48186604989911913,4.8,4.8,8.16e-06
6,12,16,8,0.006900873003026827,32,99328.0,49152,384,0.4860759493670886,25.6,4.860759493670886,1.0112e-05
6,14,16,8,0.006948812773330971,27,90720.0,44928,378,0.48564510549982703,23.771428571428572,4.856451054998271,9.251199999999999e-06
6,16,16,8,0.006885968089754059,24,86784.0,43008,384,0.48554913294797686,22.4,4.855491329479769,8.8576e-06
6,18,16,8,0.006946954323008079,21,81312.0,40320,378,0.48517520215633425,21.333333333333336,4.8517520215633425,8.3104e-06
6,20,16,8,0.006944470344937136,19,78432.0,38912,380,0.4850418827283606,20.48,4.8504188272836055,8.022400000000001e-06
6,22,16,8,0.006841528594133716,18,78912.0,39168,396,0.4853291038858049,19.78181818181818,4.853291038858049,8.0704e-06
6,24,16,8,0.00685553463055539,17,78880.0,39168,408,0.4855216184053947,19.2,4.855216184053947,8.0672e-06
6,6,16,16,0.0069876077403177965,34,105332.0,52224,204,0.4875098017251036,51.2,4.875098017251036,1.0712400000000001e-05
6,7,16,16,0.0069314518957041766,29,97266.0,48256,203,0.4871489430434695,47.542857142857144,4.871489430434695,9.9058e-06
6,8,16,16,0.006963445097903258,25,90250.0,44800,200,0.4867343169422655,44.8,4.8673431694226545,9.2042e-06
6,9,16,16,0.006992570809966859,22,85052.0,42240,198,0.4863893878679011,42.66666666666667,4.863893878679011,8.6844e-06
6,10,16,16,0.006900914172582038,20,82440.0,40960,200,0.4862759996200969,40.96,4.862759996200968,8.423200000000001e-06
6,11,16,16,0.006942362784146133,18,78804.0,39168,198,0.4859794530745943,39.56363636363636,4.859794530745943,8.0596e-06
6,12,16,16,0.00685553463055539,17,78778.0,39168,204,0.4861362790120392,38.4,4.861362790120392,8.057e-06
6,3,16,32,0.006917724125602145,36,111420.0,55296,216,0.4884287884676536,51.2,4.884287884676536,1.1321200000000001e-05
6,4,16,32,0.006988728377617018,26,93782.0,46592,156,0.48749659949358615,59.733333333333334,4.874965994935861,9.5574e-06
6,5,16,32,0.006847000137749143,21,86499.0,43008,126,0.4871164671370808,68.26666666666665,4.871164671370808,8.8291e-06
6,6,16,32,0.00685553463055539,17,78727.0,39168,102,0.48644419329599226,76.8,4.864441932959923,8.0519e-06
6,2,16,64,0.006987597005306372,26,93743.0,46592,156,0.4876956089391323,59.733333333333334,4.876956089391323,9.5535e-06
6,3,16,64,0.00685553463055539,17,78701.5,39168,102,0.486598296756881,76.8,4.86598296756881,8.049350000000001e-06
7,48,16,2,0.0068478959922188345,20,67920.0,33280,960,0.4773927014000459,6.933333333333333,4.773927014000459,6.9711999999999994e-06
7,56,16,2,0.006982787199733097,17,62084.0,30464,952,0.4769240403281358,6.4,4.769240403281358,6.3876000000000005e-06
7,64,16,2,0.006879512027865282,16,62528.0,30720,1024,0.47761194029850745,6.0,4.776119402985074,6.432000000000001e-06
7,72,16,2,0.0068759080970774,15,62460.0,30720,1080,0.4781174126875428,5.688888888888889,4.781174126875428,6.4252e-06
7,80,16,2,0.006971690427506514,14,61880.0,30464,1120,0.47845206684256814,5.44,4.784520668425682,6.3672e-06
7,88,16,2,0.00687878186630396,14,65464.0,32256,1232,0.47960033305578686,5.236363636363637,4.796003330557869,6.7256e-06
7,96,16,2,0.006849327189996913,14,69048.0,34048,1344,0.4806324110671937,5.066666666666666,4.8063241106719365,7.084e-06
7,12,16,8,0.006953304150372883,26,87360.0,43264,312,0.4852835606604451,27.73333333333333,4.852835606604451,8.9152e-06
7,14,16,8,0.006982448631764773,22,79552.0,39424,308,0.4846577498033045,25.6,4.846577498033045,8.1344e-06
7,16,16,8,0.006865228588062865,20,77440.0,38400,320,0.48465266558966075,24.0,4.846526655896607,7.9232e-06
7,18,16,8,0.006824440580535917,18,74304.0,36864,324,0.48444070647603027,22.755555555555556,4.844407064760302,7.6096e-06
7,20,16,8,0.006860242368959879,16,70144.0,34816,320,0.48398576512455516,21.76,4.839857651245552,7.193599999999999e-06
7,22,16,8,0.006794862320781034,15,69600.0,34560,330,0.48408785298072615,20.94545454545455,4.840878529807261,7.1392e-06
7,24,16,8,0.006849327189996913,14,68544.0,34048,336,0.4840764331210191,20.266666666666666,4.840764331210191,7.033600000000001e-06
7,6,16,16,0.006964331734662058,28,93912.0,46592,196,0.48683440608543005,47.542857142857144,4.868344060854301,9.570399999999999e-06
7,7,16,16,0.006977762889533536,24,86640.0,43008,168,0.4863397865026235,51.2,4.863397865026235,8.8432e-06
7,8,16,16,0.0069602636496791555,21,81186.0,40320,168,0.4859119284629661,48.0,4.859119284629661,8.297799999999999e-06
7,9,16,16,0.006853402332942019,19,78318.0,38912,171,0.48573211833728624,45.51111111111111,4.8573211833728624,8.011e-06
7,10,16,16,0.006827942754105941,17,74426.0,36992,170,0.4853446692382377,43.52,4.853446692382377,7.6218e-06
7,11,16,16,0.0068832721348580355,15,69510.0,34560,165,0.4846988864267482,41.8909090909091,4.846988864267482,7.1302e-06
7,12,16,16,0.006849327189996913,14,68460.0,34048,168,0.4846552411319251,40.53333333333333,4.846552411319251,7.0252e-06
7,3,16,32,0.006992152825558578,29,97179.0,48256,203,0.4875771690697275,47.542857142857144,4.875771690697275,9.8971e-06
7,4,16,32,0.006903306020436432,22,84986.0,42240,154,0.4867593168775496,54.857142857142854,4.867593168775496,8.677799999999998e-06
7,5,16,32,0.006937974837170081,17,74375.0,36992,119,0.48566964695996956,62.171428571428564,4.8566964695996955,7.6166999999999994e-06
7,6,16,32,0.006849327189996913,14,68418.0,34048,98,0.48494516450648056,69.4857142857143,4.849451645064805,7.021e-06
7,2,16,64,0.006908419579481355,22,84953.0,42240,154,0.48694449247795263,54.857142857142854,4.869444924779526,8.6745e-06
7,3,16,64,0.006849327189996913,14,68397.0,34048,98,0.4850902563079685,69.4857142857143,4.850902563079685,7.018900000000001e-06
8,48,16,2,0.006974984035415178,16,58432.0,28672,768,0.4760892667375133,7.466666666666667,4.760892667375133,6.022399999999999e-06
8,56,16,2,0.00679939900802291,15,58620.0,28800,840,0.4767264781831424,6.857142857142857,4.7672647818314235,6.041200000000001e-06
8,64,16,2,0.006983204927270234,13,54132.0,26624,832,0.4760746727701881,6.4,4.760746727701881,5.5924e-06
8,72,16,2,0.006755768077934328,13,57460.0,28288,936,0.4774184837642611,6.044444444444444,4.774184837642611,5.9252e-06
8,80,16,2,0.0069033908677515795,12,56112.0,27648,960,0.477479966841669,5.76,4.77479966841669,5.7904e-06
8,88,16,2,0.006817637066826886,12,59184.0,29184,1056,0.47861453686696404,5.527272727272727,4.78614536866964,6.097600000000001e-06
8,96,16,2,0.006788885275367699,12,62256.0,30720,1152,0.4796402697976518,5.333333333333334,4.796402697976518,6.404799999999999e-06
8,12,16,8,0.006899472416910779,22,79552.0,39424,264,0.4846577498033045,29.866666666666667,4.846577498033045,8.1344e-06
8,14,16,8,0.006888773191581699,19,73568.0,36480,266,0.4840764331210191,27.428571428571427,4.840764331210191,7.536e-06
8,16,16,8,0.006993095084840613,16,66048.0,32768,256,0.4830188679245283,25.6,4.830188679245283,6.784e-06
8,18,16,8,0.006808043079462318,15,65760.0,32640,270,0.48318332543818093,24.177777777777777,4.831833254381809,6.7552e-06
8,20,16,8,0.0069470754441466435,13,60320.0,29952,260,0.482225656877898,23.04,4.82225656877898,6.2112e-06
8,22,16,8,0.006975993684946629,12,58752.0,29184,264,0.4820295983086681,22.10909090909091,4.820295983086681,6.0544e-06
8,24,16,8,0.006788885275367699,12,61824.0,30720,288,0.482897384305835,21.333333333333336,4.82897384305835,6.3616e-06
8,6,16,16,0.006896916700910341,24,86640.0,43008,192,0.4863397865026235,44.8,4.863397865026235,8.8432e-06
8,7,16,16,0.006973319626062213,20,77320.0,38400,160,0.4853878046314086,48.0,4.853878046314087,7.9112e-06
8,8,16,16,0.006819444095960924,18,74196.0,36864,144,0.48512923093119964,51.2,4.851292309311996,7.5988e-06
8,9,16,16,0.006823676373833054,16,70048.0,34816,144,0.4846325167037862,48.355555555555554,4.846325167037862,7.184e-06
8,10,16,16,0.006841171662477541,14,64876.0,32256,140,0.4838303233935321,46.08,4.838303233935321,6.666800000000001e-06
8,11,16,16,0.006758945162899122,13,63570.0,31616,143,0.4837061289434228,44.21818181818182,4.837061289434228,6.5362e-06
8,12,16,16,0.006788885275367699,12,61752.0,30720,144,0.483444542364346,42.66666666666667,4.8344454236434595,6.3544000000000005e-06
8,3,16,32,0.006973752061671757,24,86568.0,43008,192,0.4867360796740607,44.8,4.8673607967406065,8.836e-06
8,4,16,32,0.006942406137021658,18,74142.0,36864,144,0.4854742276187215,51.2,4.854742276187215,7.5934e-06
8,5,16,32,0.006963851622951104,14,64834.0,32256,112,0.4841353225467535,57.6,4.841353225467535,6.6626e-06
8,6,16,32,0.006788885275367699,12,61716.0,30720,96,0.4837185866347547,64.0,4.837185866347547,6.350799999999999e-06
8,2,16,64,0.006951956987940023,18,74115.0,36864,144,0.48564691003464766,51.2,4.856469100346477,7.5907e-06
8,3,16,64,0.006788885275367699,12,61698.0,30720,96,0.4838557253110726,64.0,4.838557253110726,6.349e-06
2,48,32,2,0.006957757090640439,36,94536.0,46080,1728,0.4783655842537995,5.333333333333334,4.7836558425379945,9.6328e-06
2,56,32,2,0.006956195117506038,32,92224.0,45056,1792,0.4792375765827093,5.0285714285714285,4.792375765827093,9.4016e-06
2,64,32,2,0.006967211362151799,29,91002.0,44544,1856,0.4800310364894282,4.8,4.8,9.28e-06
2,72,32,2,0.006985865073572873,27,91638.0,44928,1944,0.4808733811409611,4.622222222222222,4.622222222222222,9.720000000000002e-06
2,80,32,2,0.0069953620080837045,26,94900.0,46592,2080,0.4818599263641253,4.48,4.48,1.0399999999999999e-05
2,88,32,2,0.006895544394825381,26,101556.0,49920,2288,0.48302821535007934,4.363636363636363,4.363636363636363,1.144e-05
2,96,32,2,0.006872918070415778,26,108212.0,53248,2496,0.48405512526817207,4.266666666666666,4.266666666666666,1.2480000000000004e-05
2,12,32,8,0.007294035240831094,46,119140.0,58880,552,0.4868851916779678,21.333333333333336,4.868851916779678,1.20932e-05
2,14,32,8,0.006989524628517478,42,119532.0,59136,588,0.4874221093930302,20.114285714285714,4.874221093930302,1.21324e-05
2,16,32,8,0.006940304264341014,37,114774.0,56832,592,0.48755211639757734,19.2,4.875521163975773,1.1656600000000001e-05
2,18,32,8,0.006988149727467745,32,107456.0,53248,576,0.4874048037492677,18.488888888888887,4.874048037492677,1.09248e-05
2,20,32,8,0.006927207734417183,29,104806.0,51968,580,0.4875138370325897,17.92,4.875138370325897,1.06598e-05
2,22,32,8,0.006983914815031923,26,100620.0,49920,572,0.48744287778775924,17.454545454545453,4.8744287778775925,1.0241200000000001e-05
2,24,32,8,0.006872918070415778,26,107276.0,53248,624,0.488209190596692,17.066666666666663,4.88209190596692,1.0906799999999999e-05
2,6,32,16,0.007505979841032016,46,118864.0,58880,276,0.487998939132741,42.66666666666667,4.87998939132741,1.20656e-05
2,7,32,16,0.006938920133238878,46,130640.0,64768,322,0.4890660867464057,40.22857142857143,4.8906608674640575,1.3243199999999999e-05
2,8,32,16,0.006923631869083126,40,123840.0,61440,320,0.489047376464595,38.4,4.89047376464595,1.2563199999999999e-05
2,9,32,16,0.006986573016108399,34,113968.0,56576,306,0.48873531444367657,36.977777777777774,4.887353144436766,1.1576e-05
2,10,32,16,0.006998242947704484,30,108240.0,53760,300,0.48858513886869276,35.84,4.885851388686928,1.1003199999999998e-05
2,11,32,16,0.006873151984322938,28,108192.0,53760,308,0.48879837067209775,34.90909090909091,4.887983706720977,1.0998400000000001e-05
2,12,32,16,0.006872918070415778,26,107120.0,53248,312,0.4889084765682386,34.133333333333326,4.889084765682386,1.0891199999999998e-05
2,3,32,32,0.007701648934747741,46,118726.0,58880,138,0.48855772581689044,85.33333333333334,4.8855772581689045,1.2051799999999999e-05
2,4,32,32,0.006961210450062036,41,126813.0,62976,164,0.48968547101590143,76.8,4.8968547101590145,1.2860499999999998e-05
2,5,32,32,0.006967760559665309,31,111755.0,55552,155,0.4892423401763146,71.68,4.892423401763146,1.13547e-05
2,6,32,32,0.006872918070415778,26,107042.0,53248,156,0.4892588713085984,68.26666666666665,4.892588713085984,1.08834e-05
2,2,32,64,0.006978731896160507,42,129843.0,64512,84,0.49008242488699816,153.6,4.900824248869982,1.31635e-05
2,3,32,64,0.006872918070415778,26,107003.0,53248,78,0.4894342570890206,136.5333333333333,4.894342570890206,1.08795e-05
3,48,32,2,0.006950037072996169,24,75312.0,36864,1152,0.4781074911807429,6.4,4.781074911807429,7.7104e-06
3,56,32,2,0.00687994007691442,22,74668.0,36608,1232,0.47878629348679047,5.942857142857143,4.7878629348679045,7.646000000000001e-06
3,64,32,2,0.00688048319115042,20,73000.0,35840,1280,0.47919563589688735,5.6,4.791956358968873,7.4792e-06
3,72,32,2,0.006839732695326168,19,74214.0,36480,1368,0.4799621082546115,5.333333333333334,4.799621082546115,7.6006e-06
3,80,32,2,0.006878788855183785,18,74916.0,36864,1440,0.48057568962820046,5.12,4.805756896282005,7.6708e-06
3,88,32,2,0.006993005456775251,17,75106.0,36992,1496,0.48105282322036985,4.945454545454545,4.810528232203699,7.689799999999999e-06
3,96,32,2,0.006963249137516767,17,79458.0,39168,1632,0.4820676923076923,4.8,4.8,8.16e-06
3,12,32,8,0.006943803101602008,33,102366.0,50688,396,0.4866452888880355,25.6,4.866452888880355,1.04158e-05
3,14,32,8,0.006964742522321881,28,94024.0,46592,392,0.4862653419053185,23.771428571428572,4.862653419053185,9.5816e-06
3,16,32,8,0.006889760101042744,25,90350.0,44800,400,0.48620607323478976,22.4,4.8620607323478975,9.2142e-06
3,18,32,8,0.00689629848792336,22,85140.0,42240,396,0.4858970229604749,21.333333333333336,4.858970229604749,8.693199999999998e-06
3,20,32,8,0.006876048610944145,20,82520.0,40960,400,0.485814593414935,20.48,4.85814593414935,8.431199999999998e-06
3,22,32,8,0.006966134070978753,18,78876.0,39168,396,0.48554569345961224,19.78181818181818,4.8554569345961225,8.0668e-06
3,24,32,8,0.006963249137516767,17,78846.0,39168,408,0.48572633249832586,19.2,4.857263324983259,8.0638e-06
3,6,32,16,0.006911711897451814,36,111456.0,55296,216,0.48827352359423565,51.2,4.882735235942357,1.1324799999999999e-05
3,7,32,16,0.006988288712072856,30,100560.0,49920,210,0.48772862279193374,47.542857142857144,4.877286227919337,1.0235199999999998e-05
3,8,32,16,0.006969037836981488,26,93808.0,46592,208,0.4873640167364017,44.8,4.873640167364017,9.56e-06
3,9,32,16,0.006958881099981483,23,88872.0,44160,207,0.4870731492102709,42.66666666666667,4.870731492102709,9.0664e-06
3,10,32,16,0.006850752680121559,21,86520.0,43008,210,0.487000634115409,40.96,4.87000634115409,8.831200000000001e-06
3,11,32,16,0.006857503023477641,19,83144.0,41344,209,0.4867665065461053,39.56363636363636,4.867665065461053,8.493600000000001e-06
3,12,32,16,0.006963249137516767,17,78744.0,39168,204,0.48634151187046787,38.4,4.863415118704679,8.0536e-06
3,3,32,32,0.006929534835657374,37,114441.0,56832,111,0.4889489215627231,102.4,4.889489215627231,1.1623300000000001e-05
3,4,32,32,0.006934504241361149,27,97335.0,48384,108,0.488101122802062,89.6,4.88101122802062,9.912699999999999e-06
3,5,32,32,0.006992096395894518,21,86457.0,43008,105,0.4873482985642897,81.92,4.873482985642897,8.824899999999999e-06
3,6,32,32,0.006963249137516767,17,78693.0,39168,102,0.486649686276946,76.8,4.86649686276946,8.0485e-06
3,2,32,64,0.006929607612336316,27,97294.5,48384,81,0.4883006262205245,119.46666666666667,4.883006262205245,9.90865e-06
3,3,32,64,0.006963249137516767,17,78667.5,39168,51,0.4868039199845885,153.6,4.868039199845885,8.04595e-06
4,48,32,2,0.006974984035415178,16,58400.0,28672,768,0.4763423710792132,7.466666666666667,4.763423710792132,6.0192e-06
4,56,32,2,0.00679939900802291,15,58590.0,28800,840,0.47696333344374153,6.857142857142857,4.769633334437415,6.0382e-06
4,64,32,2,0.006983204927270234,13,54106.0,26624,832,0.47629611077319406,6.4,4.7629611077319405,5.5898e-06
4,72,32,2,0.006755768077934328,13,57434.0,28288,936,0.47762806875358793,6.044444444444444,4.77628068753588,5.9226e-06
4,80,32,2,0.0069033908677515795,12,56088.0,27648,960,0.4776779543883898,5.76,4.776779543883897,5.788e-06
4,88,32,2,0.006817637066826886,12,59160.0,29184,1056,0.47880299251870323,5.527272727272727,4.788029925187033,6.0952e-06
4,96,32,2,0.006788885275367699,12,62232.0,30720,1152,0.47982006747469697,5.333333333333334,4.79820067474697,6.4024e-06
4,12,32,8,0.006899472416910779,22,79508.0,39424,264,0.48492004920049203,29.866666666666667,4.84920049200492,8.13e-06
4,14,32,8,0.006888773191581699,19,73530.0,36480,266,0.4843206500092934,27.428571428571427,4.8432065000929345,7.5322e-06
4,16,32,8,0.006993095084840613,16,66016.0,32768,256,0.4832468145351581,25.6,4.832468145351581,6.7808e-06
4,18,32,8,0.006808043079462318,15,65730.0,32640,270,0.48339800361363705,24.177777777777777,4.833980036136371,6.7521999999999995e-06
4,20,32,8,0.0069470754441466435,13,60294.0,29952,260,0.48242760042521665,23.04,4.824276004252167,6.208599999999999e-06
4,22,32,8,0.006975993684946629,12,58728.0,29184,264,0.4822207534699273,22.10909090909091,4.822207534699273,6.052e-06
4,24,32,8,0.006788885275367699,12,61800.0,30720,288,0.483079632658196,21.333333333333336,4.83079632658196,6.3592e-06
4,6,32,16,0.006896916700910341,24,86592.0,43008,144,0.4866039102099928,59.733333333333334,4.866039102099927,8.8384e-06
4,7,32,16,0.006973319626062213,20,77280.0,38400,140,0.4856333468231485,54.857142857142854,4.856333468231485,7.907200000000001e-06
4,8,32,16,0.006819444095960924,18,74160.0,36864,144,0.48535917421529384,51.2,4.853591742152938,7.5952000000000006e-06
4,9,32,16,0.006823676373833054,16,70016.0,34816,144,0.48484848484848486,48.355555555555554,4.848484848484849,7.1808e-06
4,10,32,16,0.006841171662477541,14,64848.0,32256,140,0.48403361344537815,46.08,4.840336134453781,6.664e-06
4,11,32,16,0.006758945162899122,13,63544.0,31616,143,0.4838986163830048,44.21818181818182,4.838986163830048,6.5336e-06
4,12,32,16,0.006788885275367699,12,61728.0,30720,144,0.4836272040302267,42.66666666666667,4.8362720403022665,6.352000000000001e-06
4,3,32,32,0.006973752061671757,24,86520.0,43008,96,0.487000634115409,89.6,4.87000634115409,8.831200000000001e-06
4,4,32,32,0.006942406137021658,18,74106.0,36864,72,0.48570449814224353,102.4,4.857044981422435,7.589800000000001e-06
4,5,32,32,0.006963851622951104,14,64806.0,32256,70,0.48433886903510615,92.16,4.843388690351062,6.6598e-06
4,6,32,32,0.006788885275367699,12,61692.0,30720,72,0.4839014554848466,85.33333333333334,4.8390145548484655,6.348400000000001e-06
4,2,32,64,0.006951956987940023,18,74079.0,36864,72,0.4858773444399046,102.4,4.858773444399046,7.587100000000001e-06
4,3,32,64,0.006788885275367699,12,61674.0,30720,48,0.484038697885482,128.0,4.84038697885482,6.3466e-06
1,48,64,2,0.00692537464719971,36,94500.0,46080,1728,0.47854442736675945,5.333333333333334,4.785444273667594,9.629200000000001e-06
1,56,64,2,0.006986517703941477,31,89311.0,43648,1736,0.47910606675960177,5.0285714285714285,4.7910606675960175,9.110300000000002e-06
1,64,64,2,0.006987845387290413,28,87836.0,43008,1792,0.47985004686035615,4.8,4.798500468603562,8.9628e-06
1,72,64,2,0.006939921379466592,27,91611.0,44928,1944,0.48101238718242456,4.622222222222222,4.622222222222222,9.720000000000002e-06
1,80,64,2,0.006937844905808809,26,94874.0,46592,2080,0.4819895309622825,4.48,4.48,1.0399999999999999e-05
1,88,64,2,0.006939297649775479,25,97625.0,48000,2200,0.4828148103443073,4.363636363636363,4.363636363636363,1.1e-05
1,96,64,2,0.006937742760214027,25,104025.0,51200,2400,0.4838542011208029,4.266666666666666,4.266666666666666,1.2000000000000002e-05
1,12,64,8,0.007186676527380843,46,119094.0,58880,552,0.4870704630809192,21.333333333333336,4.870704630809192,1.2088599999999998e-05
1,14,64,8,0.0069654266605943815,42,119490.0,59136,588,0.487590903843934,20.114285714285714,4.87590903843934,1.21282e-05
1,16,64,8,0.0069268663915628866,37,114737.0,56832,592,0.48770692274026206,19.2,4.877069227402621,1.16529e-05
1,18,64,8,0.006914699407903896,33,110781.0,54912,594,0.4877901450614268,18.488888888888887,4.877901450614268,1.12573e-05
1,20,64,8,0.006957426778234115,29,104777.0,51968,580,0.48764650132777826,17.92,4.876465013277783,1.06569e-05
1,22,64,8,0.006905709010467644,27,104463.0,51840,594,0.48788292315655735,17.454545454545453,4.8788292315655735,1.06255e-05
1,24,64,8,0.006937742760214027,25,103125.0,51200,600,0.4880048037972874,17.066666666666663,4.880048037972874,1.0491699999999998e-05
1,6,64,16,0.007485699455212998,46,118818.0,58880,276,0.48818505928198325,42.66666666666667,4.881850592819832,1.2061e-05
1,7,64,16,0.006938076130551053,45,127755.0,63360,315,0.4890889020973083,40.22857142857143,4.890889020973083,1.2954699999999998e-05
1,8,64,16,0.006947473707946355,39,120705.0,59904,312,0.48902422100133064,38.4,4.890242210013306,1.22497e-05
1,9,64,16,0.006990964032402682,34,113934.0,56576,306,0.4888789036171647,36.977777777777774,4.888789036171647,1.1572599999999998e-05
1,10,64,16,0.00697740645880379,30,108210.0,53760,300,0.4887183869384193,35.84,4.887183869384193,1.1000199999999998e-05
1,11,64,16,0.006970102389266333,27,104301.0,51840,297,0.4886279019350947,34.90909090909091,4.886279019350947,1.0609300000000002e-05
1,12,64,16,0.006937742760214027,25,102975.0,51200,300,0.4887035039659435,34.133333333333326,4.887035039659435,1.0476699999999999e-05
1,3,64,32,0.007609479734202179,46,118680.0,58880,138,0.4887442725280563,85.33333333333334,4.887442725280563,1.20472e-05
1,4,64,32,0.00699504743734823,39,120588.0,59904,156,0.48949174701748654,76.8,4.894917470174866,1.2237999999999999e-05
1,5,64,32,0.0069406724692279275,31,111724.0,55552,155,0.48937594700306564,71.68,4.893759470030656,1.13516e-05
1,6,64,32,0.006937742760214027,25,102900.0,51200,150,0.4890536048599702,68.26666666666665,4.890536048599702,1.0469200000000001e-05
1,2,64,64,0.006972653211242515,40,123620.0,61440,80,0.4899052722227538,153.6,4.899052722227538,1.25412e-05
1,3,64,64,0.006937742760214027,25,102862.5,51200,75,0.48922884348021345,136.5333333333333,4.8922884348021345,1.046545e-05
2,48,64,2,0.006974984035415178,16,58384.0,28672,768,0.47646902419569265,7.466666666666667,4.764690241956926,6.017600000000001e-06
2,56,64,2,0.00679939900802291,15,58575.0,28800,840,0.47708184935477993,6.857142857142857,4.770818493547799,6.0367e-06
2,64,64,2,0.006983204927270234,13,54093.0,26624,832,0.47640690704124544,6.4,4.764069070412455,5.588499999999999e-06
2,72,64,2,0.006755768077934328,13,57421.0,28288,936,0.477732930268691,6.044444444444444,4.77732930268691,5.9213e-06
2,80,64,2,0.0069033908677515795,12,56076.0,27648,960,0.4777770097463192,5.76,4.777770097463192,5.7868e-06
2,88,64,2,0.006817637066826886,12,59148.0,29184,1056,0.47889727600918935,5.527272727272727,4.788972760091894,6.094e-06
2,96,64,2,0.006788885275367699,12,62220.0,30720,1152,0.47991001687183654,5.333333333333334,4.799100168718366,6.4012e-06
2,12,64,8,0.006899472416910779,22,79486.0,39424,264,0.4850513053962942,29.866666666666667,4.850513053962942,8.1278e-06
2,14,64,8,0.006888773191581699,19,73511.0,36480,266,0.48444285088243494,27.428571428571427,4.8444285088243495,7.5303000000000006e-06
2,16,64,8,0.006993095084840613,16,66000.0,32768,256,0.48336086853906063,25.6,4.833608685390606,6.779199999999999e-06
2,18,64,8,0.006808043079462318,15,65715.0,32640,270,0.4835054142533367,24.177777777777777,4.835054142533367,6.7507e-06
2,20,64,8,0.0069470754441466435,13,60281.0,29952,260,0.4825286356386835,23.04,4.825286356386835,6.2073e-06
2,22,64,8,0.006975993684946629,12,58716.0,29184,264,0.4823163879156475,22.10909090909091,4.823163879156475,6.050800000000001e-06
2,24,64,8,0.006788885275367699,12,61788.0,30720,288,0.483170808430324,21.333333333333336,4.83170808430324,6.358e-06
2,6,64,16,0.006896916700910341,24,86568.0,43008,144,0.4867360796740607,59.733333333333334,4.8673607967406065,8.836e-06
2,7,64,16,0.006973319626062213,20,77260.0,38400,140,0.4857562111015534,54.857142857142854,4.857562111015534,7.9052e-06
2,8,64,16,0.006819444095960924,18,74142.0,36864,144,0.4854742276187215,51.2,4.854742276187215,7.5934e-06
2,9,64,16,0.006823676373833054,16,70000.0,34816,144,0.4849565411187876,48.355555555555554,4.849565411187876,7.179200000000001e-06
2,10,64,16,0.006841171662477541,14,64834.0,32256,140,0.4841353225467535,46.08,4.841353225467535,6.6626e-06
2,11,64,16,0.006758945162899122,13,63531.0,31616,143,0.48399491756349217,44.21818181818182,4.8399491756349216,6.5323e-06
2,12,64,16,0.006788885275367699,12,61716.0,30720,144,0.4837185866347547,42.66666666666667,4.837185866347547,6.350799999999999e-06
2,3,64,32,0.006973752061671757,24,86496.0,43008,72,0.48713301920985863,119.46666666666667,4.871330192098586,8.828800000000001e-06
2,4,64,32,0.006942406137021658,18,74088.0,36864,72,0.48581971534001056,102.4,4.858197153400106,7.588e-06
2,5,64,32,0.006963851622951104,14,64792.0,32256,70,0.48444070647603027,92.16,4.844407064760302,6.6584000000000005e-06
2,6,64,32,0.006788885275367699,12,61680.0,30720,72,0.48399294176959917,85.33333333333334,4.839929417695991,6.347200000000001e-06
2,2,64,64,0.006951956987940023,18,74061.0,36864,36,0.4859926436660383,204.8,4.859926436660383,7.585299999999999e-06
2,3,64,64,0.006788885275367699,12,61662.0,30720,36,0.4841302360765279,170.66666666666669,4.841302360765279,6.345399999999999e-06
