NZr,NZc,Tr,Tc,Accuracy (%),MSE,Nsteps,Compressed Memory Footprint (byte),Nops,Ncycles,CTC (Ops/byte),CP (GOps/s),AttPerf (GOps/s),Execution Time (s),DSP Usage
16,48,2,2,85.42999999999999,0.0048076766071895,20,67168.0,44192,960.0,0.6337769619091326,18.41333333333333,6.3377696190913255,6.972800000000001e-06,248
16,56,2,2,85.25,0.0055659098228431,13,45408.0,33128,728.0,0.6906270847231488,18.2021978021978,6.906270847231488,4.7968e-06,248
16,64,2,2,85.22999999999999,0.0053774333296803,14,52272.0,39024,896.0,0.711701196381675,17.42142857142857,7.11701196381675,5.4831999999999994e-06,248
16,72,2,2,85.17,0.0056038315255887,12,47184.0,36960,864.0,0.7430041814088131,17.111111111111114,7.430041814088131,4.974399999999999e-06,248
16,80,2,2,85.48,0.0056857034336892,12,47424.0,40032,960.0,0.8008962868117798,16.68,8.008962868117798,4.9983999999999994e-06,248
16,88,2,2,85.33,0.005742103092038,11,48688.0,39768,968.0,0.7759912581954418,16.43305785123967,7.759912581954418,5.1248000000000005e-06,248
16,96,2,2,85.22,0.0052458928425709,14,67936.0,53360,1344.0,0.7569223785746709,15.88095238095238,7.569223785746709,7.049599999999999e-06,248
16,12,2,8,85.33,0.0054002936669158,20,62401.0,44192,320.0,0.6802850941334031,55.24,6.802850941334031,6.4961e-06,536
16,14,2,8,85.42,0.0057493509578199,15,51201.0,37752,240.0,0.7022190807462659,62.92000000000001,7.02219080746266,5.376099999999999e-06,536
16,16,2,8,85.33,0.0059516057594364,12,43086.0,33888,224.0,0.7424089734040222,60.51428571428571,7.424089734040223,4.5645999999999995e-06,536
16,18,2,8,85.21,0.0059962008004096,12,41622.0,36960,224.0,0.8365397673260604,66.0,8.365397673260604,4.4181999999999995e-06,536
16,20,2,8,85.22999999999999,0.0053636789195641,14,60898.0,46192,280.0,0.7279145261432759,65.98857142857142,7.279145261432759,6.3458e-06,536
16,22,2,8,85.19,0.0054529387225524,13,59146.0,46440,286.0,0.7526010436586393,64.95104895104895,7.526010436586393,6.170600000000001e-06,536
16,24,2,8,85.22,0.0052458928425709,14,67270.0,53360,336.0,0.7641414864671344,63.52380952380952,7.641414864671344,6.983e-06,536
16,6,2,16,85.42999999999999,0.0059549347763603,18,47151.0,40080,288.0,0.8062601838627266,55.666666666666664,8.062601838627266,4.9711e-06,920
16,7,2,16,85.19,0.005895286715275,15,48744.5,37752,240.0,0.7358418852147472,62.92000000000001,7.358418852147473,5.13045e-06,920
16,8,2,16,85.21,0.0056887852891587,15,54702.0,41592,240.0,0.7263455694876183,69.32,7.263455694876183,5.7262e-06,920
16,9,2,16,85.2,0.0059908887600194,12,43663.5,36960,224.0,0.7995932804742176,66.0,7.995932804742177,4.622350000000001e-06,920
16,10,2,16,85.2,0.0055875538944061,12,55302.5,40032,224.0,0.6918470511989631,71.4857142857143,6.91847051198963,5.78625e-06,920
16,11,2,16,85.39,0.0054392199063321,14,59073.0,49776,224.0,0.807619294858274,88.88571428571429,8.07619294858274,6.163299999999999e-06,920
16,12,2,16,85.22,0.0052458928425709,14,67159.0,53360,224.0,0.7653580802937506,95.28571428571428,7.653580802937507,6.971899999999999e-06,920
16,3,2,32,85.28999999999999,0.0059875075560961,18,45533.25,40080,288.0,0.8333809838178955,55.666666666666664,8.333809838178954,4.809325e-06,1688
16,4,2,32,85.6,0.0058545332900458,16,49513.0,44160,256.0,0.8480402511858353,69.0,8.480402511858353,5.2073e-06,1688
16,5,2,32,85.41,0.0055935307670757,13,56054.0,43112,224.0,0.7355239362609616,76.9857142857143,7.355239362609616,5.8613999999999995e-06,1688
16,6,2,32,85.22,0.0052458928425709,14,67103.5,53360,224.0,0.7659678310736613,95.28571428571428,7.659678310736613,6.96635e-06,1688
16,2,2,64,85.24000000000001,0.0059117332578595,15,48163.75,41592,240.0,0.8199709209196875,69.32,8.199709209196875,5.072375e-06,3224
16,3,2,64,85.22,0.0052458928425709,14,67075.75,53360,224.0,0.766273070944163,95.28571428571428,7.66273070944163,6.9635750000000005e-06,3224
16,1,2,192,85.22,0.0052458928425709,14,67057.25,53360,224.0,0.7664766993812596,95.28571428571428,7.664766993812596,6.961725000000001e-06,9368
24,48,2,2,85.3,0.0057408305508796,12,35312.0,30816,576.0,0.8136882129277566,21.4,8.136882129277566,3.7872e-06,248
24,56,2,2,85.37,0.0058747153570678,10,32464.0,28752,560.0,0.8209227957971676,20.537142857142857,8.209227957971677,3.5023999999999997e-06,248
24,64,2,2,85.47,0.0058370656830422,10,34160.0,31312,640.0,0.852723311546841,19.57,8.52723311546841,3.672e-06,248
24,72,2,2,85.22,0.0058266661950108,9,35568.0,30792,648.0,0.807595467897608,19.00740740740741,8.07595467897608,3.8128e-06,248
24,80,2,2,85.56,0.0055517480223739,10,43568.0,36432,800.0,0.7898022892819979,18.216,7.898022892819979,4.6128e-06,248
24,88,2,2,85.61,0.0054524824855871,10,48656.0,38992,880.0,0.7613245860668542,17.723636363636363,7.613245860668542,5.121599999999999e-06,248
24,96,2,2,85.78,0.005474798149626,10,51072.0,41552,960.0,0.7747613365155132,17.313333333333333,7.747613365155131,5.3632e-06,248
24,12,2,8,85.50999999999999,0.0058581221389727,13,42392.0,33128,312.0,0.7369638725751914,42.47179487179488,7.369638725751914,4.4952e-06,536
24,14,2,8,85.53,0.0058483149160127,12,41145.0,33888,288.0,0.7753803912595812,47.06666666666667,7.753803912595813,4.3705e-06,536
24,16,2,8,85.28,0.0058976900350227,11,38035.0,34136,264.0,0.8408917354353984,51.721212121212126,8.408917354353985,4.0595e-06,536
24,18,2,8,85.39999999999999,0.0058658616744921,10,38295.0,33872,240.0,0.8290784481703586,56.453333333333326,8.290784481703586,4.0855e-06,536
24,22,2,8,85.2,0.0058672289275443,8,39988.0,31808,224.0,0.7475792046629689,56.8,7.475792046629689,4.2548e-06,536
24,24,2,8,85.78,0.005474798149626,10,50604.0,41552,240.0,0.7815815213302234,69.25333333333333,7.815815213302234,5.3164000000000005e-06,536
24,6,2,16,85.38,0.0058924511370262,15,43511.0,37752,360.0,0.8194308784267761,41.946666666666665,8.194308784267761,4.6070999999999995e-06,920
24,7,2,16,85.26,0.0058894329912247,13,42373.5,36456,312.0,0.811332302179888,46.738461538461536,8.11332302179888,4.493350000000001e-06,920
24,8,2,16,85.39999999999999,0.0059624853504389,11,39374.5,34136,264.0,0.8140314061214513,51.721212121212126,8.140314061214513,4.19345e-06,920
24,9,2,16,85.36,0.0058661764409395,10,40542.0,33872,240.0,0.785856804788641,56.453333333333326,7.8585680478864095,4.3102e-06,920
24,10,2,16,85.7,0.0058295579030349,10,40520.0,36432,240.0,0.8456824512534818,60.720000000000006,8.45682451253482,4.308e-06,920
24,11,2,16,85.37,0.0058563393703542,9,39954.0,35400,224.0,0.8326668862021922,63.21428571428571,8.326668862021922,4.2514e-06,920
24,12,2,16,85.78,0.005474798149626,10,50526.0,41552,240.0,0.7827299099574275,69.25333333333333,7.827299099574275,5.3086e-06,920
24,3,2,32,85.26,0.0059496296959644,14,42262.0,35440,336.0,0.7906831466690465,42.19047619047619,7.906831466690464,4.4822e-06,1688
24,4,2,32,85.67,0.0058689789773836,12,42200.25,36960,288.0,0.825732653414581,51.333333333333336,8.257326534145811,4.476024999999999e-06,1688
24,5,2,32,85.61,0.0057947508983574,10,42157.5,36432,240.0,0.8147145971934925,60.720000000000006,8.147145971934926,4.47175e-06,1688
24,6,2,32,85.78,0.005474798149626,10,50487.0,41552,240.0,0.7833053707089939,69.25333333333333,7.833053707089938,5.304700000000001e-06,1688
24,2,2,64,85.48,0.0054825336920687,14,52867.75,42608,336.0,0.768712422928948,50.72380952380953,7.687124229289481,5.542775e-06,3224
24,3,2,64,85.78,0.005474798149626,10,50467.5,41552,240.0,0.783593418509264,69.25333333333333,7.83593418509264,5.302750000000001e-06,3224
24,1,2,192,85.78,0.005474798149626,10,50454.5,41552,240.0,0.7837855680992936,69.25333333333333,7.837855680992936,5.30145e-06,9368
32,48,2,2,85.28,0.0057964602097675,10,34432.0,28752,480.0,0.7772491349480969,23.96,7.772491349480969,3.6992e-06,248
32,56,2,2,85.38,0.005816816495451,9,34128.0,28488,504.0,0.7764936764064544,22.60952380952381,7.764936764064544,3.6688e-06,248
32,64,2,2,85.33,0.0056020034053768,9,39488.0,30792,576.0,0.7323059360730594,21.383333333333336,7.323059360730594,4.2048e-06,248
32,72,2,2,85.33,0.0054869425277516,9,43536.0,33096,648.0,0.7179798681013537,20.42962962962963,7.179798681013537,4.609600000000001e-06,248
32,80,2,2,85.19,0.0054220511402448,9,46800.0,35400,720.0,0.7171799027552674,19.666666666666664,7.171799027552675,4.936e-06,248
32,88,2,2,85.31,0.0053839771834713,9,50064.0,37704,792.0,0.7164791730009121,19.042424242424243,7.164791730009121,5.262400000000001e-06,248
32,96,2,2,85.28999999999999,0.0053707562726409,9,53328.0,40008,864.0,0.7158602920125966,18.522222222222226,7.158602920125966,5.588800000000001e-06,248
32,12,2,8,85.17,0.0059044151267517,13,39883.0,36456,416.0,0.8589402257144877,35.05384615384616,8.589402257144878,4.244299999999999e-06,536
32,14,2,8,85.18,0.0058421573910342,11,41590.0,34136,352.0,0.7731823329558324,38.790909090909096,7.731823329558324,4.415e-06,536
32,16,2,8,85.33,0.0058014823965023,10,40620.0,33872,320.0,0.7844372394627143,42.34,7.844372394627142,4.318e-06,536
32,18,2,8,85.44,0.0059847321616368,9,35526.0,33096,288.0,0.8689807278264979,45.96666666666667,8.68980727826498,3.8086e-06,536
32,20,2,8,85.69,0.0058228820263994,9,39117.0,35400,288.0,0.8493893514408427,49.16666666666667,8.493893514408427,4.1677e-06,536
32,22,2,8,85.25,0.0055264700938967,9,47671.0,37704,288.0,0.750612171766439,52.36666666666667,7.50612171766439,5.0231e-06,536
32,24,2,8,85.28999999999999,0.0053707562726409,9,52869.0,40008,288.0,0.721788233596132,55.56666666666666,7.21788233596132,5.542900000000001e-06,536
32,6,2,16,85.25,0.0059241814964129,14,43696.5,39024,448.0,0.8436435960351518,34.84285714285714,8.436435960351519,4.6256499999999995e-06,920
32,7,2,16,85.28,0.0057327920005416,12,46501.5,36960,384.0,0.7533401954689523,38.5,7.533401954689523,4.90615e-06,920
32,8,2,16,85.21,0.0057363572327031,11,45215.0,36952,352.0,0.7734589220303506,41.99090909090909,7.734589220303506,4.7775e-06,920
32,9,2,16,85.64,0.0058378420654399,10,40520.0,36432,320.0,0.8456824512534818,45.54,8.45682451253482,4.308e-06,920
32,10,2,16,85.36,0.0059049569651386,9,38151.0,35400,288.0,0.8695438579253765,49.16666666666667,8.695438579253764,4.0711e-06,920
32,11,2,16,85.36,0.0056667870777893,9,43735.5,37704,288.0,0.8144204080310181,52.36666666666667,8.144204080310182,4.62955e-06,920
32,12,2,16,85.28999999999999,0.0053707562726409,9,52792.5,40008,288.0,0.7227857820333319,55.56666666666666,7.227857820333319,5.53525e-06,920
32,3,2,32,85.39999999999999,0.0059552983157914,13,43614.25,36456,416.0,0.7895309615207611,35.05384615384616,7.89530961520761,4.617425e-06,1688
32,4,2,32,85.61,0.0059418437380142,10,40503.0,33872,320.0,0.7865685158953162,42.34,7.865685158953162,4.306300000000001e-06,1688
32,5,2,32,85.58,0.005741594985388,9,43524.0,35400,288.0,0.7681624858953215,49.16666666666667,7.681624858953216,4.608400000000001e-06,1688
32,6,2,32,85.28999999999999,0.0053707562726409,9,52754.25,40008,288.0,0.7232855909643536,55.56666666666666,7.232855909643536,5.531425e-06,1688
32,2,2,64,85.2,0.005907031810031,10,41255.875,33872,320.0,0.773053145692058,42.34,7.73053145692058,4.3815875e-06,3224
32,3,2,64,85.28999999999999,0.0053707562726409,9,52735.125,40008,288.0,0.7235357547342555,55.56666666666666,7.235357547342555,5.5295125e-06,3224
32,1,2,192,85.28999999999999,0.0053707562726409,9,52722.375,40008,288.0,0.7237026267413439,55.56666666666666,7.237026267413439,5.528237499999999e-06,9368
8,48,4,2,85.39,0.0058268529191348,15,44138.0,33912,720.0,0.7261981241166645,18.84,7.261981241166645,4.669800000000001e-06,360
8,56,4,2,85.24000000000001,0.0054081395135335,18,57216.0,44688,1008.0,0.7475910064239829,17.733333333333334,7.475910064239829,5.977599999999999e-06,360
8,64,4,2,85.19,0.005222537103713,17,65944.0,46728,1088.0,0.6821207520728717,17.179411764705883,6.821207520728717,6.8504e-06,360
8,72,4,2,85.21,0.0052633533155117,17,65882.0,51080,1224.0,0.7463253557756933,16.692810457516337,7.463253557756932,6.8442000000000005e-06,360
8,80,4,2,85.19,0.0055215083148787,14,60662.0,46192,1120.0,0.7306317421150865,16.497142857142855,7.306317421150865,6.3222e-06,360
8,88,4,2,85.22,0.0054166906732794,14,68128.0,49776,1232.0,0.7041647804436396,16.16103896103896,7.041647804436396,7.0688e-06,360
8,96,4,2,85.21,0.0055933743099404,13,66846.0,49768,1248.0,0.7170561622914445,15.951282051282051,7.1705616229144455,6.940599999999999e-06,360
8,12,4,8,85.44,0.0059034886629764,19,52825.0,42136,228.0,0.7607836056694051,73.92280701754386,7.607836056694051,5.5385e-06,648
8,14,4,8,85.55,0.0059142643149625,16,51059.0,40064,224.0,0.7471978216676924,71.54285714285714,7.471978216676924,5.3618999999999994e-06,648
8,16,4,8,85.2,0.00492669035434,24,89133.0,64704,384.0,0.7056591015671861,67.4,7.056591015671861,9.1693e-06,648
8,18,4,8,85.56,0.0051329681920508,18,79984.0,53904,324.0,0.6530335336305485,66.54814814814814,6.530335336305485,8.254400000000002e-06,648
8,22,4,8,85.18,0.0048499259076656,19,92678.0,66456,418.0,0.6977886977886978,63.59425837320574,6.977886977886978,9.523799999999998e-06,648
8,24,4,8,85.21,0.0055933743099404,13,66189.0,49768,312.0,0.7239087113994386,63.80512820512821,7.239087113994386,6.8749e-06,648
8,6,4,16,85.25,0.0059867786301443,20,52190.0,44192,160.0,0.8071598173515981,110.48,8.071598173515982,5.475e-06,1032
8,7,4,16,85.24000000000001,0.0058936408381081,17,55017.0,42376,136.0,0.7359883286729075,124.63529411764704,7.359883286729075,5.757700000000001e-06,1032
8,8,4,16,85.32,0.0054570705143913,20,70781.5,54432,160.0,0.7421718944935678,136.08,7.421718944935678,7.33415e-06,1032
8,9,4,16,85.19,0.0049362858067627,22,91971.5,65200,198.0,0.689717184219017,131.7171717171717,6.897171842190169,9.45315e-06,1032
8,10,4,16,85.31,0.0050809171158843,19,83158.5,61592,190.0,0.7185380052147436,129.66736842105263,7.185380052147437,8.571849999999998e-06,1032
8,11,4,16,85.21,0.005976735197937,11,51317.5,39768,121.0,0.7381188807943947,131.46446280991736,7.381188807943947,5.38775e-06,1032
8,12,4,16,85.21,0.0055933743099404,13,66079.5,49768,156.0,0.7250635566984025,127.61025641025644,7.250635566984025,6.86395e-06,1032
8,3,4,32,85.18,0.0059681002781161,20,55203.5,44192,160.0,0.7650505942333826,110.48,7.650505942333826,5.77635e-06,1800
8,4,4,32,85.52,0.0059655065982145,16,53217.5,44160,128.0,0.7917170902245529,138.0,7.917170902245529,5.57775e-06,1800
8,5,4,32,85.47,0.0050246355477058,20,88505.5,64672,160.0,0.7101701522530486,161.68,7.101701522530486,9.106550000000002e-06,1800
8,6,4,32,85.21,0.0055933743099404,13,66024.75,49768,112.0,0.7256423621869293,177.74285714285713,7.256423621869294,6.858475e-06,1800
8,2,4,64,85.46000000000001,0.0058864169687393,17,55788.25,46728,136.0,0.8008466406447494,137.43529411764706,8.008466406447495,5.834825e-06,3336
8,3,4,64,85.21,0.0055933743099404,13,65997.375,49768,112.0,0.7259321116072487,177.74285714285713,7.259321116072487,6.8557375e-06,3336
8,1,4,192,85.21,0.0055933743099404,13,65979.125,49768,112.0,0.7261254064740394,177.74285714285713,7.261254064740395,6.853912500000001e-06,9480
12,48,4,2,85.47,0.0055238185399401,14,43518.0,35440,672.0,0.7691306046269369,21.095238095238095,7.69130604626937,4.6078e-06,360
12,56,4,2,85.38,0.0055073042302276,13,44234.0,36456,728.0,0.7790742402872163,20.03076923076923,7.790742402872163,4.6794e-06,360
12,64,4,2,85.53,0.0053763530266545,13,48522.0,39784,832.0,0.7788262010101406,19.126923076923077,7.788262010101405,5.1082e-06,360
12,72,4,2,85.35000000000001,0.0058172224462656,10,38638.0,33872,720.0,0.8221758337783388,18.817777777777778,8.221758337783388,4.119799999999999e-06,360
12,80,4,2,85.21,0.0059827103711437,9,36666.0,33096,720.0,0.8437261000356906,18.386666666666667,8.437261000356905,3.9226e-06,360
12,88,4,2,85.65,0.0059890931102022,9,38508.0,35400,792.0,0.8619850004869972,17.87878787878788,8.619850004869972,4.106799999999999e-06,360
12,96,4,2,85.56,0.0059365050605759,9,42170.0,37704,864.0,0.8429242119382965,17.455555555555556,8.429242119382964,4.473e-06,360
12,12,4,8,85.31,0.0054382928318328,18,59838.0,44688,216.0,0.7161768005384788,82.75555555555555,7.161768005384788,6.2398e-06,648
12,14,4,8,85.17,0.0059960026927546,12,39729.0,33888,168.0,0.8013431388777223,80.68571428571428,8.013431388777224,4.2288999999999994e-06,648
12,16,4,8,85.22,0.0059464531718464,11,40765.0,34136,176.0,0.7879053664166186,77.58181818181819,7.879053664166186,4.3325e-06,648
12,18,4,8,85.39999999999999,0.0057996373893998,11,43640.0,36952,198.0,0.7998268398268398,74.65050505050505,7.998268398268397,4.620000000000001e-06,648
12,20,4,8,85.45,0.0058058108180773,10,43844.0,36432,200.0,0.7851047323506595,72.864,7.851047323506595,4.6404e-06,648
12,22,4,8,85.3,0.0057853472570652,10,44469.0,38992,220.0,0.8291054455761339,70.89454545454545,8.291054455761339,4.7028999999999995e-06,648
12,24,4,8,85.56,0.0059365050605759,9,41783.0,37704,216.0,0.8502807658480481,69.82222222222222,8.502807658480481,4.4343e-06,648
12,6,4,16,85.17,0.0056902553651001,18,53310.5,44688,216.0,0.7998496523209923,82.75555555555555,7.998496523209923,5.58705e-06,1032
12,7,4,16,85.42999999999999,0.0059624089944749,13,42887.0,36456,156.0,0.8021651594164632,93.47692307692309,8.02165159416463,4.544700000000001e-06,1032
12,8,4,16,85.15,0.0059976233856761,11,41387.0,34136,132.0,0.7767538170978678,103.44242424242424,7.767538170978678,4.3947000000000005e-06,1032
12,9,4,16,85.54,0.0059746274128243,11,39698.5,36952,132.0,0.8744276299442716,111.97575757575756,8.744276299442715,4.22585e-06,1032
12,10,4,16,85.26,0.0058939582162375,10,42095.0,36432,120.0,0.815854887470608,121.44,8.15854887470608,4.4655e-06,1032
12,11,4,16,85.39,0.0059894053198395,9,39866.0,35400,112.0,0.8343940036769906,126.42857142857142,8.343940036769906,4.2426e-06,1032
12,12,4,16,85.56,0.0059365050605759,9,41718.5,37704,112.0,0.8515193604119381,134.65714285714287,8.51519360411938,4.42785e-06,1032
12,3,4,32,85.57000000000001,0.0059203536412918,16,46233.25,40064,192.0,0.8210971804501648,83.46666666666665,8.210971804501648,4.879325e-06,1800
12,4,4,32,85.63,0.0058622655755681,13,44941.25,39784,156.0,0.8375358543196232,102.0102564102564,8.375358543196231,4.750125e-06,1800
12,5,4,32,85.42,0.0058637643224792,11,43759.0,39768,132.0,0.8585677583712947,120.5090909090909,8.585677583712947,4.6319000000000005e-06,1800
12,6,4,32,85.56,0.0059365050605759,9,41686.25,37704,112.0,0.8521400118654123,134.65714285714287,8.521400118654123,4.424625e-06,1800
12,2,4,64,85.21,0.005268209212103,18,65562.5,53904,216.0,0.7912804139601454,99.82222222222222,7.912804139601453,6.81225e-06,3336
12,3,4,64,85.56,0.0059365050605759,9,41670.125,37704,112.0,0.852450676998991,134.65714285714287,8.52450676998991,4.4230125e-06,3336
12,1,4,192,85.56,0.0059365050605759,9,41659.375,37704,112.0,0.8526579129623609,134.65714285714287,8.52657912962361,4.4219375e-06,9480
16,48,4,2,85.28,0.0057964602097675,10,34328.0,28752,480.0,0.7794404684450228,23.96,7.794404684450228,3.6888e-06,360
16,56,4,2,85.38,0.005816816495451,9,34034.0,28488,504.0,0.7784882767666831,22.60952380952381,7.784882767666831,3.6594e-06,360
16,64,4,2,85.33,0.0056020034053768,9,39388.0,30792,576.0,0.73405168303614,21.383333333333336,7.3405168303614,4.1948e-06,360
16,72,4,2,85.33,0.0054869425277516,9,43434.0,33096,648.0,0.7195721181023612,20.42962962962963,7.195721181023612,4.5993999999999995e-06,360
16,80,4,2,85.19,0.0054220511402448,9,46698.0,35400,720.0,0.7186649884282756,19.666666666666664,7.186649884282756,4.9258e-06,360
16,88,4,2,85.31,0.0053839771834713,9,49962.0,37704,792.0,0.7178706066029473,19.042424242424243,7.1787060660294735,5.2521999999999995e-06,360
16,96,4,2,85.28999999999999,0.0053707562726409,9,53226.0,40008,864.0,0.7171691822321012,18.522222222222226,7.171691822321012,5.5786e-06,360
16,12,4,8,85.17,0.0059044151267517,13,39761.0,36456,208.0,0.8614163181399306,70.10769230769232,8.614163181399306,4.2321e-06,648
16,14,4,8,85.18,0.0058421573910342,11,41474.0,34136,176.0,0.7752191488395331,77.58181818181819,7.752191488395331,4.4034e-06,648
16,16,4,8,85.33,0.0058014823965023,10,40516.0,33872,160.0,0.7863311356671928,84.68,7.863311356671928,4.3076e-06,648
16,18,4,8,85.44,0.0059847321616368,9,35442.0,33096,162.0,0.8709015314983422,81.71851851851852,8.709015314983422,3.800200000000001e-06,648
16,20,4,8,85.69,0.0058228820263994,9,39031.0,35400,180.0,0.8511456805558895,78.66666666666666,8.511456805558895,4.1591000000000005e-06,648
16,22,4,8,85.25,0.0055264700938967,9,47573.0,37704,198.0,0.7520794686134881,76.16969696969697,7.520794686134881,5.0133e-06,648
16,24,4,8,85.28999999999999,0.0053707562726409,9,52767.0,40008,216.0,0.7231189112006796,74.08888888888889,7.231189112006796,5.5327e-06,648
16,6,4,16,85.25,0.0059241814964129,14,43562.5,39024,224.0,0.8460946392758415,69.68571428571428,8.460946392758416,4.61225e-06,1032
16,7,4,16,85.28,0.0057327920005416,12,46371.5,36960,192.0,0.7553416510836578,77.0,7.553416510836578,4.89315e-06,1032
16,8,4,16,85.21,0.0057363572327031,11,45099.0,36952,176.0,0.7753414884911559,83.98181818181818,7.753414884911559,4.7659e-06,1032
16,9,4,16,85.64,0.0058378420654399,10,40424.0,36432,160.0,0.847571189279732,91.08,8.47571189279732,4.2984e-06,1032
16,10,4,16,85.36,0.0059049569651386,9,38067.0,35400,144.0,0.8713417185615477,98.33333333333334,8.713417185615477,4.0627e-06,1032
16,11,4,16,85.36,0.0056667870777893,9,43645.5,37704,144.0,0.816006752442891,104.73333333333332,8.16006752442891,4.620549999999999e-06,1032
16,12,4,16,85.28999999999999,0.0053707562726409,9,52690.5,40008,144.0,0.7241201437091067,111.13333333333333,7.241201437091068,5.525049999999999e-06,1032
16,3,4,32,85.39999999999999,0.0059552983157914,13,43480.25,36456,208.0,0.7918288888526887,70.10769230769232,7.918288888526886,4.604025e-06,1800
16,4,4,32,85.61,0.0059418437380142,10,40399.0,33872,160.0,0.7884727298121464,84.68,7.884727298121464,4.295900000000001e-06,1800
16,5,4,32,85.58,0.005741594985388,9,43428.0,35400,144.0,0.7697660259198051,98.33333333333334,7.697660259198051,4.5988e-06,1800
16,6,4,32,85.28999999999999,0.0053707562726409,9,52652.25,40008,144.0,0.7246218004156686,111.13333333333333,7.246218004156686,5.521225e-06,1800
16,2,4,64,85.2,0.005907031810031,10,41149.875,33872,160.0,0.774927862410954,84.68,7.74927862410954,4.3709875e-06,3336
16,3,4,64,85.28999999999999,0.0053707562726409,9,52633.125,40008,144.0,0.7248728895129601,111.13333333333333,7.248728895129601,5.5193125e-06,3336
16,1,4,192,85.28999999999999,0.0053707562726409,9,52620.375,40008,144.0,0.7250403789390703,111.13333333333333,7.2504037893907025,5.5180375e-06,9480
4,48,8,2,85.36,0.0057709317512859,18,50976.0,40080,864.0,0.7486551105797967,18.555555555555554,7.486551105797967,5.353600000000001e-06,584
4,56,8,2,85.22,0.0059852404715797,14,45212.0,35440,784.0,0.7418571548187223,18.081632653061224,7.418571548187223,4.7772e-06,584
4,64,8,2,85.26,0.00537440214242,18,66529.0,49296,1152.0,0.7135144523730261,17.116666666666664,7.135144523730261,6.9089e-06,584
4,72,8,2,85.3,0.0055972819913054,16,61457.0,48256,1152.0,0.7537997719355796,16.755555555555556,7.537997719355795,6.401700000000001e-06,584
4,80,8,2,85.27,0.0058736079017316,13,54305.0,43112,1040.0,0.7581464872944693,16.58153846153846,7.581464872944693,5.6865000000000005e-06,584
4,88,8,2,85.45,0.0056744450137929,14,63823.0,49776,1232.0,0.7498305289004715,16.16103896103896,7.4983052890047155,6.6383e-06,584
4,96,8,2,85.17,0.0055566572726689,15,73200.0,56952,1440.0,0.7517423442449842,15.82,7.517423442449842,7.575999999999999e-06,584
4,12,8,8,85.16,0.0059314286338315,22,57980.0,48304,264.0,0.7978856954079947,73.18787878787879,7.978856954079947,6.054e-06,872
4,14,8,8,85.3,0.0059737283349653,18,56836.0,44688,252.0,0.7523738972321369,70.93333333333334,7.523738972321369,5.9396e-06,872
4,16,8,8,85.15,0.0053842121831076,21,78596.0,57000,336.0,0.702351027650451,67.85714285714286,7.02351027650451,8.1156e-06,872
4,18,8,8,85.24000000000001,0.0057188568893478,16,63524.0,48256,288.0,0.7302221415168574,67.02222222222223,7.302221415168574,6.608399999999999e-06,872
4,20,8,8,85.34,0.0059566329122708,13,53684.0,43112,260.0,0.7665173174027452,66.32615384615384,7.665173174027452,5.6244e-06,872
4,22,8,8,85.42999999999999,0.0049077888098708,20,99288.0,69792,440.0,0.6852564606079649,63.447272727272725,6.852564606079649,1.01848e-05,872
4,24,8,8,85.17,0.0055566572726689,15,72480.0,56952,360.0,0.758955223880597,63.279999999999994,7.58955223880597,7.504e-06,872
4,6,8,16,85.21,0.0059672094076996,24,59421.0,52416,144.0,0.8456785143834401,145.6,8.4567851438344,6.1981e-06,1256
4,7,8,16,85.46000000000001,0.005894410743071,20,62539.5,49312,140.0,0.7574866166406808,140.89142857142858,7.574866166406808,6.509949999999999e-06,1256
4,8,8,16,85.38,0.0052189849336943,25,89465.0,67272,200.0,0.7310187449062755,134.544,7.310187449062755,9.2025e-06,1256
4,9,8,16,85.18,0.0059070564231934,16,59858.0,48256,144.0,0.773110320740812,134.04444444444445,7.73110320740812,6.241799999999999e-06,1256
4,10,8,16,85.17,0.0052241692976344,20,86936.0,64672,200.0,0.7226244748368642,129.344,7.226244748368642,8.9496e-06,1256
4,11,8,16,85.25,0.0051905238050934,19,85727.0,66456,209.0,0.7527269020354073,127.18851674641148,7.527269020354073,8.8287e-06,1256
4,12,8,16,85.17,0.0055566572726689,15,72360.0,56952,180.0,0.7601708489054992,126.56,7.601708489054992,7.492e-06,1256
4,3,8,32,85.25,0.0059834332173958,23,60331.0,50360,92.0,0.8007505048417103,218.9565217391305,8.007505048417103,6.2891e-06,2024
4,4,8,32,85.35000000000001,0.0059985394359087,18,58333.5,49296,72.0,0.8095445326676903,273.8666666666666,8.095445326676904,6.08935e-06,2024
4,5,8,32,85.56,0.0058835695410731,14,61258.25,46192,70.0,0.7238054945097994,263.9542857142857,7.238054945097994,6.381825e-06,2024
4,6,8,32,85.17,0.0055566572726689,15,72300.0,56952,90.0,0.7607801228960727,253.12,7.607801228960726,7.486000000000001e-06,2024
4,2,8,64,85.39,0.0059228016489601,19,61538.625,51864,76.0,0.8091281209230308,272.9684210526316,8.091281209230308,6.409862499999999e-06,3560
4,3,8,64,85.17,0.0055566572726689,15,72270.0,56952,60.0,0.7610851262862488,379.68,7.610851262862488,7.483000000000001e-06,3560
4,1,8,192,85.17,0.0055566572726689,15,72250.0,56952,60.0,0.7612885977810453,379.68,7.612885977810453,7.481e-06,9704
6,56,8,2,85.32,0.0058070638916578,11,39532.0,31320,616.0,0.7440843865817732,20.337662337662337,7.440843865817732,4.2091999999999994e-06,584
6,64,8,2,85.15,0.0058853739079626,10,38321.0,31312,640.0,0.7659303833076491,19.57,7.659303833076491,4.0881e-06,584
6,72,8,2,85.26,0.0058227480791346,10,41713.0,33872,720.0,0.7650712623946875,18.817777777777778,7.650712623946875,4.4273e-06,584
6,80,8,2,85.26,0.0052367282087378,13,61256.0,46440,1040.0,0.7277171869123731,17.861538461538462,7.27717186912373,6.3816e-06,584
6,88,8,2,85.16,0.0054758477719425,12,55833.0,46176,1056.0,0.7907797167468703,17.490909090909092,7.907797167468703,5.8393e-06,584
6,96,8,2,85.3,0.0053528118196082,12,63629.0,49248,1152.0,0.7440511263200834,17.1,7.440511263200834,6.6188999999999994e-06,584
6,12,8,8,85.17,0.0057471696365976,17,51584.0,42376,204.0,0.7826536643026005,83.09019607843138,7.826536643026005,5.414399999999999e-06,872
6,14,8,8,85.42999999999999,0.005977868429067,13,43564.0,36456,182.0,0.7903911195906687,80.12307692307692,7.903911195906686,4.612399999999999e-06,872
6,16,8,8,85.2,0.0056345588410918,13,52808.0,39784,208.0,0.7185377835572894,76.50769230769231,7.1853778355728934,5.5368e-06,872
6,18,8,8,85.26,0.0053994800850616,14,59892.0,46192,252.0,0.739640043553449,73.32063492063492,7.39640043553449,6.245200000000001e-06,872
6,20,8,8,85.45,0.0056714644904148,12,49708.0,43104,240.0,0.824672839978572,71.84,8.24672839978572,5.2268000000000005e-06,872
6,22,8,8,85.3,0.0053396970808751,13,62516.0,49768,286.0,0.764767348945848,69.60559440559442,7.64767348945848,6.507599999999999e-06,872
6,24,8,8,85.3,0.0053528118196082,12,63044.0,49248,288.0,0.7506859337845253,68.4,7.506859337845253,6.560400000000001e-06,872
6,6,8,16,85.31,0.005983958752157,16,47370.5,40064,96.0,0.8023953295080162,166.9333333333333,8.023953295080162,4.99305e-06,1256
6,7,8,16,85.46000000000001,0.0059446393031968,14,47350.5,39024,98.0,0.7818795644203124,159.28163265306125,7.8187956442031235,4.99105e-06,1256
6,8,8,16,85.24000000000001,0.0059291740210674,13,44925.5,39784,104.0,0.8378136483768729,153.01538461538462,8.37813648376873,4.7485500000000005e-06,1256
6,9,8,16,85.27,0.0058741174610253,12,45843.5,40032,108.0,0.8270476308531408,148.26666666666668,8.270476308531409,4.840349999999999e-06,1256
6,10,8,16,85.81,0.0058460728449798,11,46249.5,39768,110.0,0.8147594218338643,144.61090909090908,8.147594218338643,4.880949999999999e-06,1256
6,11,8,16,85.58,0.005798425434227,10,48839.0,38992,110.0,0.7586139808167474,141.7890909090909,7.586139808167474,5.1399000000000005e-06,1256
6,12,8,16,85.3,0.0053528118196082,12,62946.5,49248,144.0,0.7518032561654187,136.8,7.518032561654186,6.5506500000000005e-06,1256
6,3,8,32,85.25,0.0059403947180483,16,50198.5,40064,96.0,0.7593847436905902,166.9333333333333,7.593847436905902,5.27585e-06,2024
6,4,8,32,85.18,0.0058619107234501,13,50524.25,39784,78.0,0.7494501664806417,204.0205128205128,7.494501664806417,5.308424999999999e-06,2024
6,5,8,32,85.41,0.0059668647872366,10,44508.75,36432,60.0,0.7740167308458372,242.88,7.740167308458372,4.706875e-06,2024
6,6,8,32,85.3,0.0053528118196082,12,62897.75,49248,72.0,0.7523631655533531,273.6,7.523631655533531,6.545775e-06,2024
6,2,8,64,85.35000000000001,0.0058997412491517,13,49086.875,39784,78.0,0.7703079808797725,204.0205128205128,7.703079808797725,5.1646875e-06,3560
6,3,8,64,85.3,0.0053528118196082,12,62873.375,49248,72.0,0.7526434331103966,273.6,7.526434331103966,6.543337500000001e-06,3560
6,1,8,192,85.3,0.0053528118196082,12,62857.125,49248,72.0,0.7528303941819516,273.6,7.528303941819516,6.5417125e-06,9704
8,48,8,2,85.28,0.0057964602097675,10,34276.0,28752,480.0,0.780540775328483,23.96,7.80540775328483,3.6836e-06,584
8,56,8,2,85.38,0.005816816495451,9,33987.0,28488,504.0,0.7794894245765727,22.60952380952381,7.794894245765727,3.6547e-06,584
8,64,8,2,85.33,0.0056020034053768,9,39338.0,30792,576.0,0.734927681512244,21.383333333333336,7.34927681512244,4.1898e-06,584
8,72,8,2,85.33,0.0054869425277516,9,43383.0,33096,648.0,0.7203708943691095,20.42962962962963,7.203708943691095,4.5943e-06,584
8,80,8,2,85.19,0.0054220511402448,9,46647.0,35400,720.0,0.7194098400634056,19.666666666666664,7.194098400634056,4.9207e-06,584
8,88,8,2,85.31,0.0053839771834713,9,49911.0,37704,792.0,0.7185683520420804,19.042424242424243,7.185683520420803,5.2471e-06,584
8,96,8,2,85.28999999999999,0.0053707562726409,9,53175.0,40008,864.0,0.7178254238808648,18.522222222222226,7.178254238808648,5.5735e-06,584
8,12,8,8,85.17,0.0059044151267517,13,39700.0,36456,156.0,0.8626597255087554,93.47692307692309,8.626597255087553,4.226e-06,872
8,14,8,8,85.18,0.0058421573910342,11,41416.0,34136,154.0,0.7762415863198108,88.66493506493505,7.7624158631981075,4.3976e-06,872
8,16,8,8,85.33,0.0058014823965023,10,40464.0,33872,160.0,0.7872815172926738,84.68,7.872815172926738,4.3024000000000005e-06,872
8,18,8,8,85.44,0.0059847321616368,9,35400.0,33096,162.0,0.8718651211801897,81.71851851851852,8.718651211801896,3.796e-06,872
8,20,8,8,85.69,0.0058228820263994,9,38988.0,35400,180.0,0.8520265716761336,78.66666666666666,8.520265716761337,4.1548e-06,872
8,22,8,8,85.25,0.0055264700938967,9,47524.0,37704,198.0,0.7528152703458191,76.16969696969697,7.528152703458191,5.008399999999999e-06,872
8,24,8,8,85.28999999999999,0.0053707562726409,9,52716.0,40008,216.0,0.7237860916129966,74.08888888888889,7.237860916129966,5.5276e-06,872
8,6,8,16,85.25,0.0059241814964129,14,43495.5,39024,112.0,0.8473255094396978,139.37142857142857,8.473255094396977,4.60555e-06,1256
8,7,8,16,85.28,0.0057327920005416,12,46306.5,36960,96.0,0.7563463722591142,154.0,7.563463722591141,4.88665e-06,1256
8,8,8,16,85.21,0.0057363572327031,11,45041.0,36952,88.0,0.7762862124745279,167.96363636363637,7.762862124745279,4.7600999999999995e-06,1256
8,9,8,16,85.64,0.0058378420654399,10,40376.0,36432,90.0,0.8485187255449972,161.92,8.485187255449972,4.293600000000001e-06,1256
8,10,8,16,85.36,0.0059049569651386,9,38025.0,35400,90.0,0.8722434396944684,157.33333333333331,8.722434396944683,4.0585e-06,1256
8,11,8,16,85.36,0.0056667870777893,9,43600.5,37704,99.0,0.8168022443431072,152.33939393939394,8.168022443431072,4.6160500000000005e-06,1256
8,12,8,16,85.28999999999999,0.0053707562726409,9,52639.5,40008,108.0,0.7247891738149802,148.17777777777778,7.247891738149802,5.51995e-06,1256
8,3,8,32,85.39999999999999,0.0059552983157914,13,43413.25,36456,104.0,0.7929828759115355,140.21538461538464,7.929828759115355,4.597325e-06,2024
8,4,8,32,85.61,0.0059418437380142,10,40347.0,33872,80.0,0.7894282984128463,169.36,7.894282984128464,4.2906999999999994e-06,2024
8,5,8,32,85.58,0.005741594985388,9,43380.0,35400,72.0,0.7705703090988245,196.66666666666669,7.705703090988245,4.594e-06,2024
8,6,8,32,85.28999999999999,0.0053707562726409,9,52601.25,40008,72.0,0.7252917582542092,222.26666666666665,7.252917582542092,5.516125e-06,2024
8,2,8,64,85.2,0.005907031810031,10,41096.875,33872,80.0,0.7758686346652159,169.36,7.758686346652159,4.3656875e-06,3560
8,3,8,64,85.28999999999999,0.0053707562726409,9,52582.125,40008,72.0,0.7255433119416417,222.26666666666665,7.255433119416416,5.5142125000000005e-06,3560
8,1,8,192,85.28999999999999,0.0053707562726409,9,52569.375,40008,72.0,0.7257111113630438,222.26666666666665,7.257111113630438,5.5129375e-06,9704
2,48,16,2,85.26,0.005970846592651,17,45651.0,38024,816.0,0.7886996743481778,18.63921568627451,7.886996743481777,4.8211e-06,1032
2,56,16,2,85.58,0.005384407813712,22,66616.0,53936,1232.0,0.7796923788597201,17.51168831168831,7.796923788597201,6.9176000000000005e-06,1032
2,64,16,2,85.3,0.0054098392523238,21,67227.0,57000,1344.0,0.8167710318540703,16.964285714285715,8.167710318540703,6.9787e-06,1032
2,72,16,2,85.2,0.005916165819969,16,52100.0,48256,1152.0,0.8828393706549579,16.755555555555556,8.828393706549578,5.466000000000001e-06,1032
2,80,16,2,85.39999999999999,0.005707181181101,16,63732.5,52352,1280.0,0.7897122600595844,16.36,7.897122600595844,6.62925e-06,1032
2,96,16,2,85.16,0.0044766615665005,26,133473.0,96464,2496.0,0.709122051266972,15.45897435897436,7.09122051266972,1.36033e-05,1032
2,12,16,8,85.35000000000001,0.0059239220521127,23,61565.0,50360,276.0,0.7853411306042885,72.98550724637681,7.853411306042885,6.4125e-06,1320
2,14,16,8,85.24000000000001,0.0058040884513703,21,64996.5,51624,294.0,0.764160369468519,70.23673469387757,7.641603694685189,6.75565e-06,1320
2,16,16,8,85.15,0.0057481552753865,20,64990.0,54432,320.0,0.8058031088082902,68.04,8.058031088082902,6.754999999999999e-06,1320
2,18,16,8,85.58,0.005867174107287,16,60649.5,48256,288.0,0.7634295477736732,67.02222222222223,7.634295477736732,6.320950000000001e-06,1320
2,20,16,8,85.22999999999999,0.0055799564623248,18,72325.5,58512,360.0,0.7813528653744717,65.01333333333334,7.813528653744717,7.48855e-06,1320
2,22,16,8,85.16,0.0057886360791029,16,64010.0,56448,352.0,0.8479495268138801,64.14545454545456,8.479495268138802,6.657e-06,1320
2,24,16,8,85.16,0.0044766615665005,26,132159.0,96464,624.0,0.7160385691699018,61.83589743589744,7.160385691699018,1.34719e-05,1320
2,7,16,16,85.22,0.0056783608657041,26,74238.0,63184,182.0,0.8227297585874632,138.86593406593406,8.227297585874632,7.679799999999999e-06,1704
2,8,16,16,85.28,0.0057690554640901,21,67440.0,57000,168.0,0.8142857142857143,135.71428571428572,8.142857142857142,7e-06,1704
2,9,16,16,85.26,0.0058497283819344,18,64822.0,53904,162.0,0.7999762547861446,133.0962962962963,7.9997625478614465,6.7382e-06,1704
2,10,16,16,85.38,0.005951034865781,17,59064.0,55432,170.0,0.8995196676619499,130.42823529411766,8.9951966766195,6.1624e-06,1704
2,11,16,16,85.19,0.0050498550025478,21,99084.0,73128,231.0,0.7194522057376727,126.62857142857142,7.194522057376727,1.01644e-05,1704
2,12,16,16,85.16,0.0044766615665005,26,131940.0,96464,312.0,0.7172044609665428,123.67179487179487,7.172044609665428,1.3449999999999998e-05,1704
2,3,16,32,85.24000000000001,0.0057664552859408,28,72751.0,60640,84.0,0.8051944603046036,288.7619047619048,8.051944603046037,7.531099999999999e-06,2472
2,4,16,32,85.66,0.0059036975354159,20,64123.75,54432,80.0,0.8162708305996589,272.16,8.162708305996588,6.668375e-06,2472
2,5,16,32,85.18,0.0057200498460413,18,69808.5,58512,90.0,0.8085285725142846,260.05333333333334,8.085285725142846,7.236849999999999e-06,2472
2,6,16,32,85.16,0.0044766615665005,26,131830.5,96464,156.0,0.7177888317998669,247.34358974358975,7.1778883179986686,1.343905e-05,2472
2,2,16,64,85.15,0.0054875595492949,26,82864.0,69840,52.0,0.8175688331148155,537.2307692307693,8.175688331148155,8.5424e-06,4008
2,3,16,64,85.16,0.0044766615665005,26,131775.75,96464,78.0,0.7180813744665884,494.6871794871795,7.180813744665883,1.3433575e-05,4008
2,1,16,192,85.16,0.0044766615665005,26,131739.25,96464,52.0,0.71827653542369,742.0307692307692,7.182765354236899,1.3429925000000002e-05,10152
3,48,16,2,85.47,0.0058918551922348,13,39257.0,33128,624.0,0.7922136929956716,21.23589743589744,7.922136929956716,4.1817e-06,1032
3,56,16,2,85.32,0.0056159140229452,14,46123.0,39024,784.0,0.801593985580182,19.910204081632656,8.01593985580182,4.8683000000000005e-06,1032
3,64,16,2,85.25,0.0054918186325331,13,52720.5,39784,832.0,0.7196751114769222,19.126923076923077,7.1967511147692225,5.52805e-06,1032
3,72,16,2,85.38,0.0055427459813165,12,51897.0,40032,864.0,0.7351121067998604,18.533333333333335,7.351121067998604,5.4457e-06,1032
3,80,16,2,85.39,0.0052236267105052,14,64630.0,49776,1120.0,0.7408245274594434,17.77714285714286,7.408245274594433,6.719e-06,1032
3,12,16,8,85.47,0.0058935112360911,16,49190.0,40064,192.0,0.7741835748792271,83.46666666666665,7.741835748792271,5.175e-06,1320
3,14,16,8,85.3,0.005934608011512,14,46136.5,39024,196.0,0.8013717618309324,79.64081632653063,8.013717618309323,4.869650000000001e-06,1320
3,16,16,8,85.31,0.005647239084259,15,54250.0,45432,240.0,0.7997183594437599,75.72,7.997183594437599,5.681e-06,1320
3,18,16,8,85.38,0.0054484468924047,15,61428.5,49272,270.0,0.7700133617759441,72.99555555555554,7.700133617759441,6.398850000000001e-06,1320
3,20,16,8,85.49,0.0053085845916777,14,65617.0,49776,280.0,0.7300995937046217,71.10857142857144,7.300995937046217,6.817700000000001e-06,1320
3,22,16,8,85.56,0.0056614546197789,12,55253.5,46176,264.0,0.7987061845416727,69.96363636363637,7.987061845416728,5.78135e-06,1320
3,6,16,16,85.26,0.0057367048788618,20,58440.0,49312,120.0,0.8083934426229509,164.3733333333333,8.083934426229508,6.1e-06,1704
3,7,16,16,85.34,0.0059651518013672,15,48630.0,41592,105.0,0.8125024418831803,158.4457142857143,8.125024418831803,5.119e-06,1704
3,8,16,16,85.32,0.0059062309647492,14,49868.0,42608,112.0,0.8126955062180514,152.17142857142858,8.126955062180514,5.2428e-06,1704
3,10,16,16,85.38,0.0055406236044307,13,58796.0,46440,130.0,0.7568941912771368,142.8923076923077,7.568941912771368,6.135599999999999e-06,1704
3,11,16,16,85.24000000000001,0.0054498622857946,13,62378.0,49768,143.0,0.7663925590563306,139.21118881118883,7.663925590563307,6.4938e-06,1704
3,3,16,32,85.72999999999999,0.0059929465387064,18,51951.25,44688,54.0,0.8197940792038341,331.0222222222222,8.197940792038342,5.451124999999999e-06,2472
3,4,16,32,85.88,0.0059766676589522,13,47667.75,39784,52.0,0.7920721115319719,306.03076923076924,7.920721115319719,5.0227749999999995e-06,2472
3,5,16,32,85.37,0.0057079949802854,13,55410.5,46440,65.0,0.8010971097368489,285.7846153846154,8.01097109736849,5.797049999999999e-06,2472
3,2,16,64,85.35000000000001,0.0059981683981074,13,46937.75,39784,39.0,0.8037537059765343,408.0410256410256,8.037537059765343,4.9497749999999995e-06,4008
4,48,16,2,85.28,0.0057964602097675,10,34250.0,28752,480.0,0.7810920945395273,23.96,7.8109209453952735,3.681e-06,1032
4,56,16,2,85.38,0.005816816495451,9,33963.5,28488,504.0,0.7799909647213438,22.60952380952381,7.799909647213438,3.65235e-06,1032
4,64,16,2,85.33,0.0056020034053768,9,39313.0,30792,576.0,0.7353664652640126,21.383333333333336,7.353664652640126,4.1873000000000005e-06,1032
4,72,16,2,85.33,0.0054869425277516,9,43357.5,33096,648.0,0.7207709478956825,20.42962962962963,7.207709478956826,4.591749999999999e-06,1032
4,80,16,2,85.19,0.0054220511402448,9,46621.5,35400,720.0,0.7197828451755233,19.666666666666664,7.197828451755233,4.9181500000000005e-06,1032
4,88,16,2,85.31,0.0053839771834713,9,49885.5,37704,792.0,0.71891773364731,19.042424242424243,7.189177336473101,5.2445500000000005e-06,1032
4,96,16,2,85.28999999999999,0.0053707562726409,9,53149.5,40008,864.0,0.7181539952790816,18.522222222222226,7.181539952790816,5.57095e-06,1032
4,12,16,8,85.17,0.0059044151267517,13,39669.5,36456,156.0,0.8632827762583029,93.47692307692309,8.632827762583029,4.22295e-06,1320
4,14,16,8,85.18,0.0058421573910342,11,41387.0,34136,154.0,0.7767538170978678,88.66493506493505,7.767538170978678,4.3947000000000005e-06,1320
4,16,16,8,85.33,0.0058014823965023,10,40438.0,33872,160.0,0.7877575701195404,84.68,7.877575701195404,4.2998e-06,1320
4,18,16,8,85.44,0.0059847321616368,9,35379.0,33096,162.0,0.8723477160705343,81.71851851851852,8.723477160705343,3.7939e-06,1320
4,20,16,8,85.69,0.0058228820263994,9,38966.5,35400,180.0,0.8524677013473324,78.66666666666666,8.524677013473324,4.15265e-06,1320
4,22,16,8,85.25,0.0055264700938967,9,47499.5,37704,198.0,0.7531837113834536,76.16969696969697,7.531837113834536,5.005950000000001e-06,1320
4,24,16,8,85.28999999999999,0.0053707562726409,9,52690.5,40008,216.0,0.7241201437091067,74.08888888888889,7.241201437091068,5.525049999999999e-06,1320
4,6,16,16,85.25,0.0059241814964129,14,43462.0,39024,84.0,0.8479422884707314,185.82857142857145,8.479422884707313,4.602200000000001e-06,1704
4,7,16,16,85.28,0.0057327920005416,12,46274.0,36960,84.0,0.7568497358397838,176.0,7.568497358397837,4.8834e-06,1704
4,8,16,16,85.21,0.0057363572327031,11,45012.0,36952,88.0,0.7767594383250651,167.96363636363637,7.7675943832506515,4.7572e-06,1704
4,9,16,16,85.64,0.0058378420654399,10,40352.0,36432,90.0,0.8489932885906041,161.92,8.489932885906041,4.2912e-06,1704
4,10,16,16,85.36,0.0059049569651386,9,38004.0,35400,90.0,0.872695000493048,157.33333333333331,8.72695000493048,4.0564e-06,1704
4,11,16,16,85.36,0.0056667870777893,9,43578.0,37704,99.0,0.8172005721964541,152.33939393939394,8.172005721964542,4.613799999999999e-06,1704
4,12,16,16,85.28999999999999,0.0053707562726409,9,52614.0,40008,108.0,0.7251241526806105,148.17777777777778,7.251241526806105,5.5174e-06,1704
4,3,16,32,85.39999999999999,0.0059552983157914,13,43379.75,36456,52.0,0.7935611316996719,280.4307692307693,7.935611316996719,4.5939749999999995e-06,2472
4,4,16,32,85.61,0.0059418437380142,10,40321.0,33872,40.0,0.7899069517968331,338.72,7.899069517968331,4.2881e-06,2472
4,5,16,32,85.58,0.005741594985388,9,43356.0,35400,45.0,0.770973081278857,314.66666666666663,7.70973081278857,4.5916e-06,2472
4,6,16,32,85.28999999999999,0.0053707562726409,9,52575.75,40008,54.0,0.7256272019515468,296.35555555555555,7.256272019515468,5.513575e-06,2472
4,2,16,64,85.2,0.005907031810031,10,41070.375,33872,40.0,0.7763398778947006,338.72,7.763398778947006,4.3630375000000005e-06,4008
4,3,16,64,85.28999999999999,0.0053707562726409,9,52556.625,40008,36.0,0.7258789884177415,444.5333333333333,7.258789884177414,5.5116625e-06,4008
4,1,16,192,85.28999999999999,0.0053707562726409,9,52543.875,40008,36.0,0.7260469431596235,444.5333333333333,7.260469431596235,5.510387500000001e-06,10152
1,48,32,2,85.32,0.0056745288491894,21,57291.0,46248,1008.0,0.7727189186479758,18.35238095238095,7.727189186479758,5.9851000000000005e-06,1928
1,64,32,2,85.21,0.0058359399879718,17,54028.5,46728,1088.0,0.8257508150949397,17.179411764705883,8.257508150949398,5.658849999999999e-06,1928
1,72,32,2,85.5,0.0056248045673062,18,64322.25,53904,1296.0,0.805953747070411,16.637037037037036,8.059537470704111,6.688225e-06,1928
1,80,32,2,85.21,0.0057741174721963,16,62932.0,52352,1280.0,0.7993648079154706,16.36,7.993648079154706,6.5492e-06,1928
1,88,32,2,85.35000000000001,0.005380260184184,19,81656.0,66456,1672.0,0.7891137076090055,15.898564593301437,7.891137076090055,8.421599999999999e-06,1928
1,96,32,2,85.64,0.0054692496406662,18,81410.25,67728,1728.0,0.80657137498102,15.677777777777775,8.0657137498102,8.397025e-06,1928
1,18,32,8,85.22,0.0059286362193783,18,59985.0,53904,324.0,0.8618434726996562,66.54814814814814,8.618434726996561,6.254500000000001e-06,2216
1,20,32,8,85.22999999999999,0.0052914167284337,22,85541.5,70832,440.0,0.803981771025465,64.39272727272727,8.039817710254649,8.810149999999999e-06,2216
1,22,32,8,85.24000000000001,0.0058326876410219,16,63991.0,56448,352.0,0.8481916124475966,64.14545454545456,8.481916124475966,6.6551e-06,2216
1,24,32,8,85.64,0.0054692496406662,18,80609.25,67728,432.0,0.8143394343462277,62.71111111111111,8.143394343462276,8.316925000000002e-06,2216
1,6,32,16,85.2,0.0059657786798025,25,65532.5,54472,150.0,0.7999706281895951,145.25866666666667,7.999706281895951,6.80925e-06,2600
1,7,32,16,85.28,0.0055984983666717,27,77704.75,65496,189.0,0.8159995514843066,138.615873015873,8.159995514843066,8.026475e-06,2600
1,8,32,16,85.22,0.0055939007272545,24,77136.25,64704,192.0,0.8118826168107032,134.8,8.11882616810703,7.969625e-06,2600
1,9,32,16,85.41,0.0058107713830635,19,67654.25,56728,171.0,0.8079271657818747,132.6970760233918,8.079271657818747,7.021425e-06,2600
1,10,32,16,85.58,0.0050931068540577,25,99328.0,80072,250.0,0.7858825376884422,128.11520000000002,7.858825376884422,1.01888e-05,2600
1,11,32,16,85.47,0.0055737884291127,17,76415.25,59784,187.0,0.7569966540150237,127.88021390374332,7.5699665401502365,7.897525e-06,2600
1,12,32,16,85.64,0.0054692496406662,18,80475.75,67728,216.0,0.8156486814414273,125.42222222222222,8.156486814414274,8.303575e-06,2600
1,3,32,32,85.21,0.005989258530765,26,62905.0,56528,78.0,0.8634843045902391,289.8871794871795,8.634843045902391,6.546499999999999e-06,3368
1,5,32,32,85.18,0.0050788673370567,24,101507.0,76992,120.0,0.7398310703681282,256.64,7.398310703681283,1.0406699999999998e-05,3368
1,6,32,32,85.64,0.0054692496406662,18,80409.0,67728,108.0,0.8163048849570321,250.84444444444443,8.163048849570322,8.2969e-06,3368
1,2,32,64,85.22,0.0056427019266554,25,75112.5,67272,50.0,0.8660980398467927,538.176,8.660980398467927,7.76725e-06,4904
1,3,32,64,85.64,0.0054692496406662,18,80375.625,67728,54.0,0.816633382819506,501.68888888888887,8.16633382819506,8.2935625e-06,4904
1,1,32,192,85.64,0.0054692496406662,18,80353.375,67728,18.0,0.8168525283164507,1505.0666666666666,8.168525283164508,8.291337499999999e-06,11048
2,48,32,2,85.28,0.0057964602097675,10,34237.0,28752,480.0,0.781368046308123,23.96,7.81368046308123,3.6797e-06,1928
2,56,32,2,85.38,0.005816816495451,9,33951.75,28488,504.0,0.7802419768978479,22.60952380952381,7.80241976897848,3.651175e-06,1928
2,64,32,2,85.33,0.0056020034053768,9,39300.5,30792,576.0,0.7355860536782886,21.383333333333336,7.355860536782885,4.18605e-06,1928
2,72,32,2,85.33,0.0054869425277516,9,43344.75,33096,648.0,0.7209711413306902,20.42962962962963,7.209711413306902,4.5904749999999994e-06,1928
2,80,32,2,85.19,0.0054220511402448,9,46608.75,35400,720.0,0.719969492818101,19.666666666666664,7.199694928181009,4.916875e-06,1928
2,88,32,2,85.31,0.0053839771834713,9,49872.75,37704,792.0,0.7190925518878944,19.042424242424243,7.190925518878944,5.243275e-06,1928
2,96,32,2,85.28999999999999,0.0053707562726409,9,53136.75,40008,864.0,0.7183183938021518,18.522222222222226,7.183183938021518,5.569675e-06,1928
2,12,32,8,85.17,0.0059044151267517,13,39654.25,36456,156.0,0.8635946392509638,93.47692307692309,8.635946392509638,4.221425e-06,2216
2,14,32,8,85.18,0.0058421573910342,11,41372.5,34136,154.0,0.7770101860809195,88.66493506493505,7.770101860809195,4.393250000000001e-06,2216
2,16,32,8,85.33,0.0058014823965023,10,40425.0,33872,160.0,0.78799581249273,84.68,7.8799581249273,4.2985e-06,2216
2,18,32,8,85.44,0.0059847321616368,9,35368.5,33096,162.0,0.8725892139156571,81.71851851851852,8.72589213915657,3.79285e-06,2216
2,20,32,8,85.69,0.0058228820263994,9,38955.75,35400,180.0,0.8526884375207,78.66666666666666,8.526884375207,4.151575e-06,2216
2,22,32,8,85.25,0.0055264700938967,9,47487.25,37704,198.0,0.7533680671765182,76.16969696969697,7.533680671765182,5.004725000000001e-06,2216
2,24,32,8,85.28999999999999,0.0053707562726409,9,52677.75,40008,216.0,0.7242872854162236,74.08888888888889,7.242872854162235,5.5237749999999995e-06,2216
2,6,32,16,85.25,0.0059241814964129,14,43445.25,39024,84.0,0.8482510148298292,185.82857142857145,8.482510148298292,4.6005249999999995e-06,2600
2,7,32,16,85.28,0.0057327920005416,12,46257.75,36960,84.0,0.7571016689626212,176.0,7.571016689626212,4.8817749999999995e-06,2600
2,8,32,16,85.21,0.0057363572327031,11,44997.5,36952,88.0,0.7769962676759712,167.96363636363637,7.769962676759712,4.75575e-06,2600
2,9,32,16,85.64,0.0058378420654399,10,40340.0,36432,90.0,0.8492307692307692,161.92,8.492307692307692,4.29e-06,2600
2,10,32,16,85.36,0.0059049569651386,9,37993.5,35400,90.0,0.8729209562676464,157.33333333333331,8.729209562676465,4.05535e-06,2600
2,11,32,16,85.36,0.0056667870777893,9,43566.75,37704,99.0,0.8173998818473012,152.33939393939394,8.173998818473011,4.612675e-06,2600
2,12,32,16,85.28999999999999,0.0053707562726409,9,52601.25,40008,108.0,0.7252917582542092,148.17777777777778,7.252917582542092,5.516125e-06,2600
2,3,32,32,85.39999999999999,0.0059552983157914,13,43363.0,36456,39.0,0.7938505759641138,373.9076923076923,7.938505759641138,4.5923e-06,3368
2,4,32,32,85.61,0.0059418437380142,10,40308.0,33872,40.0,0.7901464962209573,338.72,7.901464962209573,4.2868e-06,3368
2,5,32,32,85.58,0.005741594985388,9,43344.0,35400,45.0,0.7711746253049843,314.66666666666663,7.711746253049842,4.5904e-06,3368
2,6,32,32,85.28999999999999,0.0053707562726409,9,52563.0,40008,54.0,0.7257950401828638,296.35555555555555,7.257950401828638,5.5123000000000006e-06,3368
2,2,32,64,85.2,0.005907031810031,10,41057.125,33872,20.0,0.7765757142406795,677.44,7.765757142406795,4.3617125e-06,4904
2,3,32,64,85.28999999999999,0.0053707562726409,9,52543.875,40008,27.0,0.7260469431596235,592.7111111111111,7.260469431596235,5.510387500000001e-06,4904
2,1,32,192,85.28999999999999,0.0053707562726409,9,52531.125,40008,18.0,0.7262149756426285,889.0666666666666,7.262149756426285,5.5091124999999995e-06,11048
1,48,64,2,85.28,0.0057964602097675,10,34230.5,28752,480.0,0.781506095323521,23.96,7.81506095323521,3.67905e-06,3720
1,56,64,2,85.38,0.005816816495451,9,33945.875,28488,504.0,0.7803675435803141,22.60952380952381,7.803675435803141,3.6505875e-06,3720
1,64,64,2,85.33,0.0056020034053768,9,39294.25,30792,576.0,0.7356958970713846,21.383333333333336,7.356958970713846,4.185425e-06,3720
1,72,64,2,85.33,0.0054869425277516,9,43338.375,33096,648.0,0.7210712797566363,20.42962962962963,7.210712797566363,4.5898375e-06,3720
1,80,64,2,85.19,0.0054220511402448,9,46602.375,35400,720.0,0.7200628529439435,19.666666666666664,7.2006285294394345,4.916237499999999e-06,3720
1,88,64,2,85.31,0.0053839771834713,9,49866.375,37704,792.0,0.7191799928947977,19.042424242424243,7.191799928947978,5.2426375e-06,3720
1,96,64,2,85.28999999999999,0.0053707562726409,9,53130.375,40008,864.0,0.718400621292279,18.522222222222226,7.18400621292279,5.5690375000000005e-06,3720
1,12,64,8,85.17,0.0059044151267517,13,39646.625,36456,156.0,0.863750655258505,93.47692307692309,8.63750655258505,4.2206625e-06,4008
1,14,64,8,85.18,0.0058421573910342,11,41365.25,34136,154.0,0.7771384340442001,88.66493506493505,7.771384340442001,4.392525e-06,4008
1,16,64,8,85.33,0.0058014823965023,10,40418.5,33872,160.0,0.7881149877264213,84.68,7.881149877264213,4.297850000000001e-06,4008
1,18,64,8,85.44,0.0059847321616368,9,35363.25,33096,162.0,0.8727100129867561,81.71851851851852,8.72710012986756,3.792325e-06,4008
1,20,64,8,85.69,0.0058228820263994,9,38950.375,35400,180.0,0.8527988484806509,78.66666666666666,8.527988484806508,4.151037500000001e-06,4008
1,22,64,8,85.25,0.0055264700938967,9,47481.125,37704,198.0,0.7534602789205879,76.16969696969697,7.534602789205879,5.004112499999999e-06,4008
1,24,64,8,85.28999999999999,0.0053707562726409,9,52671.375,40008,216.0,0.7243708852079095,74.08888888888889,7.243708852079095,5.5231375e-06,4008
1,6,64,16,85.25,0.0059241814964129,14,43436.875,39024,84.0,0.8484054623276038,185.82857142857145,8.484054623276037,4.5996875e-06,4392
1,7,64,16,85.28,0.0057327920005416,12,46249.625,36960,84.0,0.7572276984303813,176.0,7.572276984303813,4.8809624999999994e-06,4392
1,8,64,16,85.21,0.0057363572327031,11,44990.25,36952,88.0,0.7771147365155809,167.96363636363637,7.77114736515581,4.755024999999999e-06,4392
1,9,64,16,85.64,0.0058378420654399,10,40334.0,36432,90.0,0.8493495593789341,161.92,8.49349559378934,4.289400000000001e-06,4392
1,10,64,16,85.36,0.0059049569651386,9,37988.25,35400,90.0,0.8730339780385097,157.33333333333331,8.730339780385098,4.054825e-06,4392
1,11,64,16,85.36,0.0056667870777893,9,43561.125,37704,99.0,0.8174995731348704,152.33939393939394,8.174995731348705,4.6121124999999995e-06,4392
1,12,64,16,85.28999999999999,0.0053707562726409,9,52594.875,40008,108.0,0.7253755900996965,148.17777777777778,7.253755900996966,5.515487499999999e-06,4392
1,3,64,32,85.39999999999999,0.0059552983157914,13,43354.625,36456,39.0,0.7939953772899158,373.9076923076923,7.939953772899157,4.591462500000001e-06,5160
1,4,64,32,85.61,0.0059418437380142,10,40301.5,33872,40.0,0.790266322923836,338.72,7.90266322923836,4.2861500000000005e-06,5160
1,5,64,32,85.58,0.005741594985388,9,43338.0,35400,45.0,0.7712754368382064,314.66666666666663,7.712754368382065,4.5898000000000005e-06,5160
1,6,64,32,85.28999999999999,0.0053707562726409,9,52556.625,40008,54.0,0.7258789884177415,296.35555555555555,7.258789884177414,5.5116625e-06,5160
1,2,64,64,85.2,0.005907031810031,10,41050.5,33872,20.0,0.7766936861535639,677.44,7.76693686153564,4.36105e-06,6696
1,3,64,64,85.28999999999999,0.0053707562726409,9,52537.5,40008,27.0,0.7261309496801125,592.7111111111111,7.261309496801125,5.50975e-06,6696
1,1,64,192,85.28999999999999,0.0053707562726409,9,52524.75,40008,9.0,0.7262990210539214,1778.1333333333332,7.262990210539214,5.508475000000001e-06,12840
