NZr,NZc,Tr,Tc,Accuracy (%),MSE,Nsteps,Compressed Memory Footprint (byte),Nops,Ncycles,CTC (Ops/byte),CP (Ops/s),AttPerf (Ops/s),Execution Time (s)
16,48,2,2,84.87,0.005700974749850249,17,31552.0,18338,816.0,0.5375820825515948,8989215686.27451,2687910412.757974,6.822399999999999e-06
16,56,2,2,85.34,0.005914921454366152,13,25792.0,15578,728.0,0.5494497742663657,8559340659.34066,2747248871.331828,5.670400000000001e-06
16,64,2,2,84.89999999999999,0.005923776702888172,12,25344.0,15384,768.0,0.5513188073394495,8012500000.0,2756594036.6972475,5.5808e-06
16,72,2,2,84.91,0.005833122326366169,12,26880.0,16152,864.0,0.5486413043478261,7477777777.777777,2743206521.7391305,5.888e-06
16,80,2,2,84.82,0.005774517333427949,12,28416.0,16920,960.0,0.5462293388429752,7050000000.0,2731146694.214876,6.1951999999999996e-06
16,88,2,2,84.91,0.005742709498186745,12,29952.0,17688,1056.0,0.5440452755905512,6700000000.0,2720226377.952756,6.5024e-06
16,96,2,2,84.85000000000001,0.005730888836038622,12,31488.0,18456,1152.0,0.5420582706766918,6408333333.333333,2710291353.3834586,6.8096e-06
16,12,2,8,84.99,0.005827133379607809,20,36760.0,21032,320.0,0.5348931841302136,26289999999.999996,2674465920.6510677,7.864000000000001e-06
16,14,2,8,85.03,0.005921692676548151,16,31456.0,18464,256.0,0.5428033866415805,28850000000.0,2714016933.2079024,6.8031999999999995e-06
16,16,2,8,84.99,0.005951589092487794,14,29316.0,17436,224.0,0.5469946040908521,31135714285.714283,2734973020.4542603,6.3751999999999995e-06
16,18,2,8,84.97,0.0059099327633551964,13,28886.0,17242,234.0,0.5483050308465306,29473504273.504272,2741525154.232653,6.289199999999999e-06
16,20,2,8,84.87,0.005781385552988363,13,30550.0,18074,260.0,0.545877378435518,27806153846.153847,2729386892.17759,6.622e-06
16,22,2,8,84.81,0.005677800047866289,13,32214.0,18906,286.0,0.5436820613101743,26441958041.958042,2718410306.5508714,6.9548e-06
16,24,2,8,84.85000000000001,0.005730888836038622,12,31272.0,18456,288.0,0.5455190352329156,25633333333.333332,2727595176.164578,6.7664e-06
16,6,2,16,85.25,0.005998188157825864,19,34865.0,20134,304.0,0.5379826319305278,26492105263.157894,2689913159.652639,7.4849999999999995e-06
16,7,2,16,84.88,0.005901076290493462,18,35334.0,20388,288.0,0.5380271283052726,28316666666.666668,2690135641.526363,7.5788e-06
16,8,2,16,84.85000000000001,0.005094067458637036,27,56457.0,30774,432.0,0.5214429740583222,28494444444.444447,2607214870.2916107,1.1803400000000001e-05
16,9,2,16,84.89,0.005895666810779458,14,31066.0,18332,224.0,0.5451733777434128,32735714285.714283,2725866888.717064,6.7252000000000004e-06
16,10,2,16,85.06,0.005964090214085598,12,28164.0,16920,224.0,0.5507095430282515,30214285714.285717,2753547715.1412573,6.144800000000001e-06
16,11,2,16,84.89999999999999,0.005834891479630068,12,29700.0,17688,224.0,0.5482951022938624,31585714285.714283,2741475511.4693117,6.452e-06
16,12,2,16,84.85000000000001,0.005730888836038622,12,31236.0,18456,224.0,0.5461001301929223,32957142857.142857,2730500650.964611,6.7592000000000004e-06
16,3,2,32,85.59,0.00595455183436565,20,36670.0,21032,320.0,0.5361203160846291,26289999999.999996,2680601580.4231453,7.846e-06
16,4,2,32,85.06,0.0058059168558704626,17,35521.5,20514,272.0,0.5386867639142365,30167647058.823532,2693433819.5711827,7.6163e-06
16,5,2,32,85.07000000000001,0.005993714010204466,12,28146.0,16920,224.0,0.5510323715234807,30214285714.285717,2755161857.6174035,6.141200000000001e-06
16,6,2,32,84.85000000000001,0.005730888836038622,12,31218.0,18456,224.0,0.5463911421635383,32957142857.142857,2731955710.817692,6.7556e-06
16,2,2,64,84.89,0.005814108281779925,17,35508.75,20514,272.0,0.5388671810868495,30167647058.823532,2694335905.4342475,7.613749999999999e-06
16,3,2,64,84.85000000000001,0.005730888836038622,12,31209.0,18456,224.0,0.54653676448814,32957142857.142857,2732683822.4407,6.7538e-06
16,1,2,192,84.85000000000001,0.005730888836038622,12,31203.0,18456,224.0,0.5466338891686165,32957142857.142857,2733169445.843083,6.7525999999999995e-06
24,48,2,2,85.0,0.005889067814060657,11,26048.0,15766,528.0,0.5511045861297539,11943939393.939394,2755522930.6487694,5.7216e-06
24,56,2,2,85.3,0.005728625374437083,11,27456.0,16470,616.0,0.548707356076759,10694805194.805195,2743536780.3837953,6.0032e-06
24,64,2,2,85.14,0.005606573622420508,11,28864.0,17174,704.0,0.546524949083503,9757954545.454546,2732624745.4175153,6.2848e-06
24,72,2,2,84.87,0.005674045750440927,10,27520.0,16532,720.0,0.5496010638297872,9184444444.444445,2748005319.1489363,6.016e-06
24,80,2,2,85.17,0.005456004575962903,11,31680.0,18582,880.0,0.5426985981308411,8446363636.363637,2713492990.6542053,6.848e-06
24,88,2,2,84.85000000000001,0.0055761523300938785,10,30080.0,17812,880.0,0.5457107843137254,8096363636.363637,2728553921.5686274,6.528e-06
24,96,2,2,84.94,0.005562488392147704,10,31360.0,18452,960.0,0.5439858490566037,7688333333.333334,2719929245.2830186,6.784000000000001e-06
24,12,2,8,84.91,0.005865108883564851,14,32900.0,19228,336.0,0.5422447828539199,22890476190.47619,2711223914.2695994,7.092e-06
24,14,2,8,85.17,0.005908131643131357,12,29736.0,17688,288.0,0.547683923705722,24566666666.666664,2738419618.52861,6.4592e-06
24,16,2,8,85.07000000000001,0.005884392484464466,11,28666.0,17174,264.0,0.5499903926215334,26021212121.21212,2749951963.107667,6.245199999999999e-06
24,18,2,8,85.28999999999999,0.005723634669623648,11,30074.0,17878,264.0,0.5478335478335479,27087878787.878788,2739167739.1677394,6.526799999999999e-06
24,20,2,8,84.89999999999999,0.005736648562069946,10,28620.0,17172,240.0,0.5507376523412444,28620000000.0,2753688261.706222,6.236e-06
24,22,2,8,85.2,0.0054822601499446896,11,32890.0,19286,264.0,0.544033850493653,29221212121.21212,2720169252.468265,7.09e-06
24,24,2,8,84.94,0.005562488392147704,10,31180.0,18452,240.0,0.5468879668049793,30753333333.333336,2734439834.0248966,6.747999999999999e-06
24,6,2,16,84.93,0.005989414713181759,14,32858.0,19228,336.0,0.5428877971652832,22890476190.47619,2714438985.826416,7.083599999999999e-06
24,7,2,16,85.13,0.005933088684411286,13,32175.0,18906,312.0,0.5442925003598675,24238461538.46154,2721462501.799338,6.947e-06
24,8,2,16,85.0,0.005990865559119743,11,28633.0,17174,264.0,0.5505722437726412,26021212121.21212,2752861218.8632064,6.2386e-06
24,9,2,16,85.27,0.005970307444543074,10,27310.0,16532,240.0,0.5534650150652829,27553333333.333336,2767325075.3264146,5.974e-06
24,10,2,16,85.3,0.005811991282864949,10,28590.0,17172,240.0,0.5512680577849117,28620000000.0,2756340288.9245586,6.23e-06
24,11,2,16,85.0,0.005671404569086493,10,29870.0,17812,240.0,0.5492445266728337,29686666666.666668,2746222633.3641686,6.486000000000001e-06
24,12,2,16,84.94,0.005562488392147704,10,31150.0,18452,240.0,0.5473746662711362,30753333333.333336,2736873331.355681,6.742e-06
24,3,2,32,85.59,0.005959987743770692,15,35182.5,20382,360.0,0.5400278200967079,22646666666.666668,2700139100.4835396,7.548500000000001e-06
24,4,2,32,85.54,0.005913484061969992,12,31218.0,18456,288.0,0.5463911421635383,25633333333.333332,2731955710.817692,6.7556e-06
24,5,2,32,85.17,0.005834457731833307,10,28575.0,17172,240.0,0.5515336438092179,28620000000.0,2757668219.046089,6.227000000000001e-06
24,6,2,32,84.94,0.005562488392147704,10,31135.0,18452,240.0,0.5476183410001484,30753333333.333336,2738091705.000742,6.739e-06
24,2,2,64,84.89,0.005852036052071189,12,31209.0,18456,288.0,0.54653676448814,25633333333.333332,2732683822.4407,6.7538e-06
24,3,2,64,84.94,0.005562488392147704,10,31127.5,18452,240.0,0.5477402597402597,30753333333.333336,2738701298.7012987,6.7375e-06
24,1,2,192,84.94,0.005562488392147704,10,31122.5,18452,240.0,0.547821569064054,30753333333.333336,2739107845.32027,6.736500000000001e-06
32,48,2,2,84.89999999999999,0.005765046273777948,11,31680.0,18582,528.0,0.5426985981308411,14077272727.272728,2713492990.6542053,6.848e-06
32,56,2,2,85.07000000000001,0.005596704616539476,11,33088.0,19286,616.0,0.541012118491921,12523376623.376623,2705060592.4596047,7.129600000000001e-06
32,64,2,2,85.00999999999999,0.005473547521266156,11,34496.0,19990,704.0,0.5394537996545768,11357954545.454546,2697268998.2728844,7.4111999999999994e-06
32,72,2,2,85.13,0.005384037452694623,11,35904.0,20694,792.0,0.5380095673876872,10451515151.515152,2690047836.938436,7.6928e-06
32,80,2,2,85.05,0.005319334578644288,11,37312.0,21398,880.0,0.5366673354735152,9726363636.363636,2683336677.367576,7.974400000000001e-06
32,88,2,2,84.84,0.005442810276908114,10,35200.0,20372,880.0,0.5395127118644067,9260000000.0,2697563559.322034,7.552e-06
32,96,2,2,85.07000000000001,0.005263278083242114,11,40128.0,22806,1056.0,0.5342485007496252,8638636363.636364,2671242503.7481256,8.537600000000001e-06
32,12,2,8,85.22999999999999,0.005840612549735471,13,37206.0,21402,416.0,0.5381984609968314,20578846153.846153,2690992304.984157,7.9532e-06
32,14,2,8,85.09,0.005911071766262802,11,32890.0,19286,352.0,0.544033850493653,21915909090.909092,2720169252.468265,7.09e-06
32,16,2,8,85.15,0.005755948137824899,11,34298.0,19990,352.0,0.5423517282543817,22715909090.909092,2711758641.2719088,7.371599999999999e-06
32,18,2,8,84.82,0.005742486460344984,10,32460.0,19092,320.0,0.5451741861793261,23865000000.0,2725870930.896631,7.003999999999999e-06
32,20,2,8,85.07000000000001,0.005460076031374397,11,37114.0,21398,352.0,0.5393456671875788,24315909090.909092,2696728335.937894,7.9348e-06
32,22,2,8,85.11999999999999,0.00534392443492524,11,38522.0,22102,352.0,0.5379971763789494,25115909090.909092,2689985881.894747,8.216400000000001e-06
32,24,2,8,85.07000000000001,0.005263278083242114,11,39930.0,22806,352.0,0.5367380560131796,25915909090.909092,2683690280.065898,8.497999999999999e-06
32,6,2,16,85.1,0.0059740359153931345,13,37167.0,21402,416.0,0.5387268104815365,20578846153.846153,2693634052.4076824,7.9454e-06
32,7,2,16,84.93,0.005779533256362324,13,38831.0,22234,416.0,0.5371699161653499,21378846153.846153,2685849580.82675,8.2782e-06
32,8,2,16,85.09,0.00586678114476249,11,34265.0,19990,352.0,0.5428377460964019,22715909090.909092,2714188730.4820094,7.365000000000001e-06
32,9,2,16,84.99,0.005843743943800592,10,32430.0,19092,320.0,0.5456416118891112,23865000000.0,2728208059.445556,6.997999999999999e-06
32,10,2,16,85.31,0.005682556249152372,10,33710.0,19732,320.0,0.5440308795147505,24665000000.0,2720154397.5737524,7.254e-06
32,11,2,16,85.06,0.005542709405326512,10,34990.0,20372,320.0,0.5425299600532624,25465000000.0,2712649800.2663116,7.51e-06
32,12,2,16,85.07000000000001,0.005263278083242114,11,39897.0,22806,352.0,0.537155239418706,25915909090.909092,2685776197.09353,8.4914e-06
32,3,2,32,85.49,0.005938075421212994,14,40005.0,22812,448.0,0.535933278515212,20367857142.857143,2679666392.57606,8.513000000000001e-06
32,4,2,32,85.39,0.005763372041710546,12,37362.0,21528,384.0,0.5392515405039827,22425000000.0,2696257702.5199137,7.984400000000001e-06
32,5,2,32,85.24000000000001,0.005708881851773822,10,33695.0,19732,320.0,0.5442559646945249,24665000000.0,2721279823.4726243,7.2510000000000005e-06
32,6,2,32,85.07000000000001,0.005263278083242114,11,39880.5,22806,352.0,0.5373640744100564,25915909090.909092,2686820372.050282,8.488100000000001e-06
32,2,2,64,85.11999999999999,0.005583152013007547,13,40465.75,23066,416.0,0.5360975694787424,22178846153.846153,2680487847.393712,8.60515e-06
32,3,2,64,85.07000000000001,0.005263278083242114,11,39872.25,22806,352.0,0.537468552810657,25915909090.909092,2687342764.0532846,8.48645e-06
32,1,2,192,85.07000000000001,0.005263278083242114,11,39866.75,22806,352.0,0.5375382276511871,25915909090.909092,2687691138.255935,8.48535e-06
8,48,4,2,85.04,0.005723610409945169,20,36800.0,21032,960.0,0.5343495934959349,8763333333.333334,2671747967.479675,7.872e-06
8,56,4,2,84.84,0.005656982568409988,19,37392.0,21350,1064.0,0.5343912695234281,8026315789.473683,2671956347.6171403,7.9904e-06
8,64,4,2,85.11999999999999,0.005702757943975074,17,35632.0,20514,1088.0,0.5371281943862589,7541911764.705883,2685640971.9312944,7.6384e-06
8,72,4,2,84.81,0.005608898951244641,17,37808.0,21602,1224.0,0.5351268331351565,7059477124.183006,2675634165.6757827,8.0736e-06
8,80,4,2,85.07000000000001,0.005539221949975236,17,39984.0,22690,1360.0,0.5333301993230538,6673529411.764706,2666650996.615269,8.508799999999999e-06
8,88,4,2,85.24000000000001,0.005407077147379712,18,44640.0,24996,1584.0,0.5295762711864407,6312121212.121212,2647881355.9322033,9.440000000000001e-06
8,96,4,2,85.28999999999999,0.005394361440098496,18,46944.0,26148,1728.0,0.5281997414350356,6052777777.777778,2640998707.175178,9.900799999999998e-06
8,12,4,8,84.85000000000001,0.0059785324922283275,22,40084.0,22828,264.0,0.5353156364318544,34587878787.878784,2676578182.159272,8.5288e-06
8,14,4,8,84.94,0.005820246706353237,21,40950.0,23274,294.0,0.5349115145943462,31665306122.448982,2674557572.9717307,8.701999999999999e-06
8,16,4,8,85.18,0.005789469302198508,19,39482.0,22566,304.0,0.5367489653203938,29692105263.157894,2683744826.6019692,8.4084e-06
8,18,4,8,85.2,0.0057199441211727734,18,39708.0,22692,324.0,0.5368600359610107,28014814814.814816,2684300179.8050537,8.4536e-06
8,20,4,8,85.09,0.005590548675384808,18,42012.0,23844,360.0,0.5349546800682042,26493333333.333332,2674773400.341021,8.9144e-06
8,22,4,8,85.08,0.0053838727943744495,19,46778.0,26214,418.0,0.5313146053751672,25085167464.114834,2656573026.875836,9.8676e-06
8,24,4,8,85.28999999999999,0.005394361440098496,18,46620.0,26148,432.0,0.5316795445302969,24211111111.11111,2658397722.6514845,9.835999999999999e-06
8,6,4,16,85.22999999999999,0.005996398386019822,24,43656.0,24624,192.0,0.5328024926432404,51300000000.0,2664012463.2162023,9.2432e-06
8,7,4,16,85.02,0.005897316547277375,22,42834.0,24236,176.0,0.5339031590077984,55081818181.818184,2669515795.038992,9.0788e-06
8,8,4,16,84.93,0.005742659268350166,21,43575.0,24618,168.0,0.533607889888371,58614285714.28571,2668039449.4418554,9.227e-06
8,9,4,16,85.16,0.0058024130608645965,18,39654.0,22692,162.0,0.5375467854266357,56029629629.62963,2687733927.1331787,8.4428e-06
8,10,4,16,84.99,0.005562620654318185,19,44289.0,24998,190.0,0.5335866293837649,52627368421.05263,2667933146.9188247,9.369799999999998e-06
8,11,4,16,85.06,0.005343990806397322,20,49180.0,27432,220.0,0.5301894085813684,49876363636.36363,2650947042.906842,1.0347999999999998e-05
8,12,4,16,85.28999999999999,0.005394361440098496,18,46566.0,26148,216.0,0.5322639742702439,48422222222.22222,2661319871.351219,9.8252e-06
8,3,4,32,85.33,0.00597311194883464,24,43620.0,24624,192.0,0.5332178432221741,51300000000.0,2666089216.110871,9.236e-06
8,4,4,32,85.31,0.005916535700371863,19,39396.5,22566,152.0,0.5378427657216402,59384210526.31579,2689213828.608201,8.3913e-06
8,5,4,32,85.03,0.0057742299712722975,17,39601.5,22690,136.0,0.5381687084188181,66735294117.647064,2690843542.094091,8.432299999999999e-06
8,6,4,32,85.28999999999999,0.005394361440098496,18,46539.0,26148,144.0,0.5325566712152997,72633333333.33334,2662783356.0764985,9.8198e-06
8,2,4,64,84.91,0.005778111298645479,21,43527.75,24618,168.0,0.5341549544076246,58614285714.28571,2670774772.038123,9.21755e-06
8,3,4,64,85.28999999999999,0.005394361440098496,18,46525.5,26148,144.0,0.5327031404386224,72633333333.33334,2663515702.1931124,9.817099999999998e-06
8,1,4,192,85.28999999999999,0.005394361440098496,18,46516.5,26148,144.0,0.5328008313551292,72633333333.33334,2664004156.775646,9.8153e-06
12,48,4,2,84.94,0.005909325143186768,12,28224.0,16920,576.0,0.5496361746361746,11750000000.0,2748180873.1808734,6.156799999999999e-06
12,56,4,2,84.87,0.005877822208934021,11,27280.0,16470,616.0,0.5519436997319035,10694805194.805195,2759718498.6595173,5.968e-06
12,64,4,2,85.06,0.005762264588737487,11,28688.0,17174,704.0,0.5496031746031746,9757954545.454546,2748015873.0158734,6.249599999999999e-06
12,72,4,2,85.11,0.005678802175629034,11,30096.0,17878,792.0,0.5474644781969623,9029292929.292929,2737322390.984812,6.531199999999999e-06
12,80,4,2,85.17,0.005470096457070182,12,34368.0,19992,960.0,0.5413778162911612,8330000000.0,2706889081.4558063,7.385599999999999e-06
12,88,4,2,85.28999999999999,0.005427291253856398,12,35904.0,20760,1056.0,0.5397254575707154,7863636363.636364,2698627287.853577,7.6928e-06
12,96,4,2,85.37,0.005417010655065878,12,37440.0,21528,1152.0,0.5382,7475000000.0,2691000000.0,8e-06
12,12,4,8,85.22,0.005927246932981291,15,35010.0,20382,180.0,0.5425073196699495,45293333333.333336,2712536598.349747,7.5139999999999995e-06
12,14,4,8,85.28999999999999,0.0059371665457205805,13,32006.0,18906,182.0,0.5469536538795348,41551648351.64835,2734768269.3976736,6.913200000000001e-06
12,16,4,8,85.44,0.0058961162386288735,12,31080.0,18456,192.0,0.5486325802615933,38450000000.0,2743162901.3079667,6.728e-06
12,18,4,8,85.48,0.0057529638849834214,12,32616.0,19224,216.0,0.5465089833977712,35600000000.0,2732544916.988856,7.035200000000001e-06
12,20,4,8,85.22,0.005610961951679373,12,34152.0,19992,240.0,0.5445630856395729,33320000000.0,2722815428.1978645,7.3424e-06
12,22,4,8,85.34,0.005493741675696177,12,35688.0,20760,264.0,0.5427734783518092,31454545454.545456,2713867391.759046,7.6496e-06
12,24,4,8,85.37,0.005417010655065878,12,37224.0,21528,288.0,0.5411220591192439,29900000000.0,2705610295.5962195,7.9568e-06
12,6,4,16,84.98,0.0059567645713930455,16,37296.0,21536,192.0,0.5403452428743476,44866666666.66667,2701726214.371738,7.971200000000001e-06
12,7,4,16,85.11,0.0056743267923551974,17,41803.0,23778,204.0,0.5359871965376553,46623529411.76471,2679935982.6882763,8.8726e-06
12,8,4,16,85.18,0.005893432980693815,13,33631.0,19738,156.0,0.5453842115443066,50610256410.25641,2726921057.721533,7.2382000000000004e-06
12,9,4,16,85.0,0.005851940091551993,12,32580.0,19224,144.0,0.5470688673875925,53400000000.0,2735344336.9379625,7.0279999999999995e-06
12,10,4,16,85.31,0.005675899050351251,12,34116.0,19992,144.0,0.5450976115170684,55533333333.333336,2725488057.585342,7.3352e-06
12,11,4,16,84.93,0.005671382905493511,11,32681.0,19286,132.0,0.5472602934082461,58442424242.42424,2736301467.0412307,7.048199999999999e-06
12,12,4,16,85.37,0.005417010655065878,12,37188.0,21528,144.0,0.5416121565864949,59800000000.0,2708060782.932474,7.949600000000001e-06
12,3,4,32,85.19,0.005983979329551322,16,37272.0,21536,192.0,0.5406708174332195,44866666666.66667,2703354087.1660976,7.9664e-06
12,4,4,32,85.11,0.005906169403295232,13,33611.5,19738,156.0,0.5456782273336743,50610256410.25641,2728391136.6683717,7.2342999999999995e-06
12,5,4,32,85.03,0.005834132442888218,11,31256.5,18582,132.0,0.5494950689752044,56309090909.09091,2747475344.876022,6.7633e-06
12,6,4,32,85.37,0.005417010655065878,12,37170.0,21528,144.0,0.5418575383840927,59800000000.0,2709287691.9204636,7.945999999999998e-06
12,2,4,64,84.89,0.005890791585651707,13,33601.75,19738,156.0,0.5458253541380049,50610256410.25641,2729126770.690025,7.2323499999999995e-06
12,3,4,64,85.37,0.005417010655065878,12,37161.0,21528,144.0,0.5419803126809496,59800000000.0,2709901563.404748,7.944200000000001e-06
12,1,4,192,85.37,0.005417010655065878,12,37155.0,21528,144.0,0.5420621931260229,59800000000.0,2710310965.6301146,7.943e-06
16,48,4,2,84.89999999999999,0.005765046273777948,11,31504.0,18582,528.0,0.5455025833724754,14077272727.272728,2727512916.8623767,6.8128e-06
16,56,4,2,85.07000000000001,0.005596704616539476,11,32912.0,19286,616.0,0.5436964366260713,12523376623.376623,2718482183.1303563,7.0944e-06
16,64,4,2,85.00999999999999,0.005473547521266156,11,34320.0,19990,704.0,0.5420281995661606,11357954545.454546,2710140997.830803,7.375999999999999e-06
16,72,4,2,85.13,0.005384037452694623,11,35728.0,20694,792.0,0.5404826577517761,10451515151.515152,2702413288.75888,7.6576e-06
16,80,4,2,85.05,0.005319334578644288,11,37136.0,21398,880.0,0.5390467553405884,9726363636.363636,2695233776.7029424,7.9392e-06
16,88,4,2,84.84,0.005442810276908114,10,35040.0,20372,880.0,0.5418085106382978,9260000000.0,2709042553.191489,7.52e-06
16,96,4,2,85.07000000000001,0.005263278083242114,11,39952.0,22806,1056.0,0.5364602935641701,8638636363.636364,2682301467.820851,8.502399999999998e-06
16,12,4,8,85.22999999999999,0.005840612549735471,13,36998.0,21402,208.0,0.541028363415744,41157692307.69231,2705141817.07872,7.911599999999999e-06
16,14,4,8,85.09,0.005911071766262802,11,32714.0,19286,176.0,0.5467483132051937,43831818181.818184,2733741566.0259686,7.054799999999999e-06
16,16,4,8,85.15,0.005755948137824899,11,34122.0,19990,176.0,0.5449539283572324,45431818181.818184,2724769641.7861624,7.3364e-06
16,18,4,8,84.82,0.005742486460344984,10,32300.0,19092,180.0,0.5476764199655766,42426666666.666664,2738382099.827883,6.972e-06
16,20,4,8,85.07000000000001,0.005460076031374397,11,36938.0,21398,220.0,0.5417489493138893,38905454545.454544,2708744746.5694466,7.8996e-06
16,22,4,8,85.11999999999999,0.00534392443492524,11,38346.0,22102,242.0,0.5403119346795091,36532231404.95868,2701559673.3975453,8.1812e-06
16,24,4,8,85.07000000000001,0.005263278083242114,11,39754.0,22806,264.0,0.5389705534811173,34554545454.545456,2694852767.4055867,8.4628e-06
16,6,4,16,85.1,0.0059740359153931345,13,36959.0,21402,208.0,0.5415622864951036,41157692307.69231,2707811432.475518,7.9038e-06
16,7,4,16,84.93,0.005779533256362324,13,38623.0,22234,208.0,0.5398829614161184,42757692307.69231,2699414807.0805917,8.2366e-06
16,8,4,16,85.09,0.00586678114476249,11,34089.0,19990,176.0,0.545444623318508,45431818181.818184,2727223116.59254,7.3298000000000005e-06
16,9,4,16,84.99,0.005843743943800592,10,32270.0,19092,160.0,0.5481481481481482,47730000000.0,2740740740.740741,6.966e-06
16,10,4,16,85.31,0.005682556249152372,10,33550.0,19732,160.0,0.5464414289670452,49330000000.0,2732207144.835226,7.221999999999999e-06
16,11,4,16,85.06,0.005542709405326512,10,34830.0,20372,160.0,0.5448515645894624,50930000000.0,2724257822.947312,7.478e-06
16,12,4,16,85.07000000000001,0.005263278083242114,11,39721.0,22806,176.0,0.5393912159125849,51831818181.818184,2696956079.5629244,8.456199999999999e-06
16,3,4,32,85.49,0.005938075421212994,14,39781.0,22812,224.0,0.5387685694716705,40735714285.71429,2693842847.3583527,8.4682e-06
16,4,4,32,85.39,0.005763372041710546,12,37170.0,21528,192.0,0.5418575383840927,44850000000.0,2709287691.9204636,7.945999999999998e-06
16,5,4,32,85.24000000000001,0.005708881851773822,10,33535.0,19732,160.0,0.5466685136445492,49330000000.0,2733342568.222746,7.218999999999999e-06
16,6,4,32,85.07000000000001,0.005263278083242114,11,39704.5,22806,176.0,0.5396017934673307,51831818181.818184,2698008967.3366537,8.4529e-06
16,2,4,64,85.11999999999999,0.005583152013007547,13,40257.75,23066,208.0,0.5387018234260325,44357692307.69231,2693509117.1301622,8.56355e-06
16,3,4,64,85.07000000000001,0.005263278083242114,11,39696.25,22806,176.0,0.5397071439136223,51831818181.818184,2698535719.5681114,8.45125e-06
16,1,4,192,85.07000000000001,0.005263278083242114,11,39690.75,22806,176.0,0.5397774004011763,51831818181.818184,2698887002.0058813,8.45015e-06
4,48,8,2,85.09,0.005975128474591231,19,34808.0,20134,912.0,0.5388032541211732,8830701754.385963,2694016270.6058664,7.473599999999999e-06
4,56,8,2,84.99,0.005428239355760986,25,49000.0,27122,1400.0,0.5260279286268426,7749142857.142858,2630139643.134213,1.0311999999999999e-05
4,64,8,2,85.00999999999999,0.005702472500074933,19,39672.0,22566,1216.0,0.5343341541958704,7423026315.789474,2671670770.979352,8.446400000000001e-06
4,72,8,2,84.84,0.005526518452720288,20,44320.0,24872,1440.0,0.5305460750853243,6908888888.888889,2652730375.4266214,9.376e-06
4,80,8,2,85.44,0.005447223982217033,20,46880.0,26152,1600.0,0.5289644012944984,6538000000.0,2644822006.472492,9.888e-06
4,88,8,2,85.41,0.005392793280230357,20,49440.0,27432,1760.0,0.5275384615384615,6234545454.545454,2637692307.6923075,1.04e-05
4,96,8,2,85.24000000000001,0.005397904714155799,20,52000.0,28712,1920.0,0.5262463343108504,5981666666.666667,2631231671.554252,1.0912e-05
4,12,8,8,85.56,0.00596178380604597,25,45350.0,25522,300.0,0.5327071592569401,34029333333.333336,2663535796.2847004,9.582e-06
4,14,8,8,85.05,0.00598161000321463,21,40782.0,23274,294.0,0.5369849107101656,31665306122.448982,2684924553.550828,8.668400000000002e-06
4,16,8,8,84.83000000000001,0.0058837046920631655,20,41400.0,23592,320.0,0.5366696997270246,29489999999.999996,2683348498.6351233,8.791999999999998e-06
4,18,8,8,85.13,0.005727642378387982,20,43960.0,24872,360.0,0.5346517626827171,27635555555.555557,2673258813.413585,9.304000000000001e-06
4,20,8,8,85.22,0.005602142933866598,20,46520.0,26152,400.0,0.5328443357783211,26152000000.0,2664221678.891606,9.815999999999999e-06
4,22,8,8,85.06,0.005471762026213392,20,49080.0,27432,440.0,0.5312161115414408,24938181818.181816,2656080557.707204,1.0328e-05
4,24,8,8,85.24000000000001,0.005397904714155799,20,51640.0,28712,480.0,0.5297416974169742,23926666666.666668,2648708487.084871,1.084e-05
4,6,8,16,84.64,0.005376077327451021,41,74251.0,39890,246.0,0.5193266589420786,64861788617.88618,2596633294.710393,1.53622e-05
4,7,8,16,84.89999999999999,0.005756312813840573,27,52353.0,29046,189.0,0.5289457869721196,61473015873.01587,2644728934.860598,1.0982599999999999e-05
4,8,8,16,85.13,0.0059215584488211525,21,43407.0,24618,168.0,0.5355581177801466,58614285714.28571,2677790588.900733,9.1934e-06
4,9,8,16,84.82,0.005337880257054542,28,61460.0,33592,252.0,0.5247110278038113,53320634920.63492,2623555139.0190563,1.2804000000000001e-05
4,10,8,16,84.99,0.005830284026341526,18,41814.0,23844,180.0,0.5373416865732186,52986666666.666664,2686708432.8660927,8.8748e-06
4,11,8,16,84.87,0.005873123904944781,16,39216.0,22560,176.0,0.5400229797012639,51272727272.72727,2700114898.5063195,8.3552e-06
4,12,8,16,85.24000000000001,0.005397904714155799,20,51580.0,28712,240.0,0.5303287772441817,47853333333.333336,2651643886.2209086,1.0828e-05
4,3,8,32,85.2,0.005976532304679793,27,48856.5,27318,108.0,0.5313080431379033,101177777777.77779,2656540215.689516,1.02833e-05
4,4,8,32,84.81,0.005950535019106582,21,43375.5,24618,84.0,0.5359253736217087,117228571428.57143,2679626868.1085434,9.1871e-06
4,5,8,32,85.3,0.005941936799397503,17,39465.5,22690,85.0,0.5399102925604692,106776470588.23529,2699551462.8023458,8.405100000000002e-06
4,6,8,32,85.24000000000001,0.005397904714155799,20,51550.0,28712,120.0,0.5306228053964147,95706666666.66667,2653114026.982074,1.0821999999999999e-05
4,2,8,64,84.89,0.005896325189715137,22,45424.5,25644,88.0,0.5344225739561733,116563636363.63637,2672112869.7808666,9.596900000000001e-06
4,3,8,64,85.24000000000001,0.005397904714155799,20,51535.0,28712,80.0,0.5307699417691099,143560000000.0,2653849708.845549,1.0819000000000001e-05
4,1,8,192,85.24000000000001,0.005397904714155799,20,51525.0,28712,80.0,0.5308680780253305,143560000000.0,2654340390.1266527,1.0816999999999998e-05
6,48,8,2,85.08,0.005915045489744477,13,30472.0,18074,624.0,0.5471663841123758,11585897435.897436,2735831920.561879,6.606400000000001e-06
6,56,8,2,85.2,0.005870291736295267,12,29664.0,17688,672.0,0.5489076464746773,10528571428.571428,2744538232.3733864,6.4448e-06
6,64,8,2,84.89,0.005760735854144676,12,31200.0,18456,768.0,0.5466824644549763,9612500000.0,2733412322.2748814,6.752000000000001e-06
6,72,8,2,85.0,0.005676350411594335,12,32736.0,19224,864.0,0.5446509519492294,8900000000.0,2723254759.746147,7.059199999999999e-06
6,80,8,2,85.02,0.005370845908755256,14,39984.0,22812,1120.0,0.5361978187288454,8147142857.142858,2680989093.644227,8.5088e-06
6,88,8,2,84.88,0.0053282369010308715,14,41776.0,23708,1232.0,0.5347347527968243,7697402597.402597,2673673763.9841213,8.8672e-06
6,96,8,2,84.97,0.005315625677391616,14,43568.0,24604,1344.0,0.5333853624696496,7322619047.619048,2666926812.348248,9.225600000000002e-06
6,12,8,8,84.87,0.0053932278243358535,24,55824.0,30768,288.0,0.5269936969032611,42733333333.33333,2634968484.516306,1.16768e-05
6,14,8,8,85.2,0.005941578176681074,14,34356.0,20124,196.0,0.5451294831509372,41069387755.10204,2725647415.7546864,7.3832e-06
6,16,8,8,84.94,0.005913234292976905,13,33566.0,19738,208.0,0.5463654985329126,37957692307.69231,2731827492.664563,7.225199999999999e-06
6,18,8,8,84.83000000000001,0.005759974878714684,13,35230.0,20570,234.0,0.5443238952103732,35162393162.393166,2721619476.051866,7.557999999999999e-06
6,20,8,8,84.91,0.0055075062663427505,14,39732.0,22812,280.0,0.5393927929632082,32588571428.57143,2696963964.816041,8.4584e-06
6,22,8,8,84.85000000000001,0.00539695017410026,14,41524.0,23708,308.0,0.537791488975592,30789610389.61039,2688957444.87796,8.8168e-06
6,24,8,8,84.97,0.005315625677391616,14,43316.0,24604,336.0,0.536315284680443,29290476190.476192,2681576423.402215,9.175199999999998e-06
6,6,8,16,85.32,0.00597404084714036,17,39491.0,22690,102.0,0.5395828874461963,88980392156.86275,2697914437.2309813,8.4102e-06
6,7,8,16,84.81,0.005978631859936417,15,36765.0,21342,105.0,0.542708200890019,81302857142.85715,2713541004.450095,7.865e-06
6,8,8,16,85.2,0.0059033086435179224,14,36106.0,21020,112.0,0.543630062587286,75071428571.42857,2718150312.93643,7.733199999999999e-06
6,9,8,16,84.82,0.005550558507583325,16,43312.0,24608,144.0,0.5364492500871991,68355555555.55556,2682246250.4359956,9.174400000000001e-06
6,10,8,16,85.08,0.00580880899061293,12,34020.0,19992,120.0,0.5465281574630946,66640000000.0,2732640787.315473,7.316e-06
6,11,8,16,84.88,0.0054406200126090876,14,41482.0,23708,154.0,0.5383043458516871,61579220779.22078,2691521729.2584352,8.8084e-06
6,12,8,16,84.97,0.005315625677391616,14,43274.0,24604,168.0,0.5368067373565475,58580952380.952385,2684033686.7827373,9.166800000000002e-06
6,3,8,32,84.91,0.005960197489096276,18,41787.0,23844,108.0,0.5376688389293526,88311111111.11111,2688344194.646763,8.8694e-06
6,4,8,32,84.81,0.005924756703285659,14,36085.0,21020,84.0,0.5439254754819511,100095238095.2381,2719627377.4097557,7.729e-06
6,5,8,32,85.05,0.005852385477936939,12,34002.0,19992,72.0,0.54679722115858,111066666666.66667,2733986105.7929,7.312399999999999e-06
6,6,8,32,84.97,0.005315625677391616,14,43253.0,24604,84.0,0.5370528016065309,117161904761.90477,2685264008.032655,9.1626e-06
6,2,8,64,85.11,0.005901806425868685,14,36074.5,21020,84.0,0.5440733023592903,100095238095.2381,2720366511.7964516,7.726899999999999e-06
6,3,8,64,84.97,0.005315625677391616,14,43242.5,24604,84.0,0.5371759183450685,117161904761.90477,2685879591.7253428,9.1605e-06
6,1,8,192,84.97,0.005315625677391616,14,43235.5,24604,84.0,0.5372580275354566,117161904761.90477,2686290137.677283,9.1591e-06
8,48,8,2,84.89999999999999,0.005765046273777948,11,31416.0,18582,528.0,0.5469154697433483,14077272727.272728,2734577348.716741,6.795200000000001e-06
8,56,8,2,85.07000000000001,0.005596704616539476,11,32824.0,19286,616.0,0.5450486095410355,12523376623.376623,2725243047.705178,7.076799999999999e-06
8,64,8,2,85.00999999999999,0.005473547521266156,11,34232.0,19990,704.0,0.5433246357903893,11357954545.454546,2716623178.9519463,7.3584e-06
8,72,8,2,85.13,0.005384037452694623,11,35640.0,20694,792.0,0.5417277486910995,10451515151.515152,2708638743.4554977,7.64e-06
8,80,8,2,85.05,0.005319334578644288,11,37048.0,21398,880.0,0.5402443950717026,9726363636.363636,2701221975.3585134,7.9216e-06
8,88,8,2,84.84,0.005442810276908114,10,34960.0,20372,880.0,0.5429637526652452,9260000000.0,2714818763.326226,7.504e-06
8,96,8,2,85.07000000000001,0.005263278083242114,11,39864.0,22806,1056.0,0.5375730718461248,8638636363.636364,2687865359.230624,8.4848e-06
8,12,8,8,85.22999999999999,0.005840612549735471,13,36894.0,21402,156.0,0.5424545039793177,54876923076.92307,2712272519.896589,7.890799999999999e-06
8,14,8,8,85.09,0.005911071766262802,11,32626.0,19286,154.0,0.5481157278463025,50093506493.50649,2740578639.2315125,7.0372e-06
8,16,8,8,85.15,0.005755948137824899,11,34034.0,19990,176.0,0.5462644149314095,45431818181.818184,2731322074.6570477,7.318799999999999e-06
8,18,8,8,84.82,0.005742486460344984,10,32220.0,19092,180.0,0.548936170212766,42426666666.666664,2744680851.06383,6.956e-06
8,20,8,8,85.07000000000001,0.005460076031374397,11,36850.0,21398,220.0,0.5429586399391018,38905454545.454544,2714793199.695509,7.882e-06
8,22,8,8,85.11999999999999,0.00534392443492524,11,38258.0,22102,242.0,0.5414767994512225,36532231404.95868,2707383997.2561126,8.1636e-06
8,24,8,8,85.07000000000001,0.005263278083242114,11,39666.0,22806,264.0,0.5400937810827452,34554545454.545456,2700468905.413726,8.445200000000002e-06
8,6,8,16,85.1,0.0059740359153931345,13,36855.0,21402,104.0,0.5429912469871876,82315384615.38461,2714956234.935938,7.883e-06
8,7,8,16,84.93,0.005779533256362324,13,38519.0,22234,104.0,0.5412497869957886,85515384615.38461,2706248934.9789433,8.215799999999998e-06
8,8,8,16,85.09,0.00586678114476249,11,34001.0,19990,88.0,0.5467574738108913,90863636363.63637,2733787369.0544567,7.312200000000001e-06
8,9,8,16,84.99,0.005843743943800592,10,32190.0,19092,90.0,0.5494100719424461,84853333333.33333,2747050359.71223,6.95e-06
8,10,8,16,85.31,0.005682556249152372,10,33470.0,19732,100.0,0.547654732167638,78928000000.0,2738273660.83819,7.206000000000001e-06
8,11,8,16,85.06,0.005542709405326512,10,34750.0,20372,110.0,0.5460198338247119,74080000000.0,2730099169.1235595,7.462e-06
8,12,8,16,85.07000000000001,0.005263278083242114,11,39633.0,22806,132.0,0.5405161993695636,69109090909.09091,2702580996.8478184,8.438599999999999e-06
8,3,8,32,85.49,0.005938075421212994,14,39669.0,22812,112.0,0.5401974946127069,81471428571.42857,2700987473.0635347,8.4458e-06
8,4,8,32,85.39,0.005763372041710546,12,37074.0,21528,96.0,0.5431700055507898,89700000000.0,2715850027.7539487,7.9268e-06
8,5,8,32,85.24000000000001,0.005708881851773822,10,33455.0,19732,80.0,0.5478828266000277,98660000000.0,2739414133.0001388,7.203e-06
8,6,8,32,85.07000000000001,0.005263278083242114,11,39616.5,22806,88.0,0.5407276563963345,103663636363.63637,2703638281.9816723,8.4353e-06
8,2,8,64,85.11999999999999,0.005583152013007547,13,40153.75,23066,104.0,0.5400134617072957,88715384615.38461,2700067308.5364785,8.542749999999999e-06
8,3,8,64,85.07000000000001,0.005263278083242114,11,39608.25,22806,88.0,0.5408334469654301,103663636363.63637,2704167234.827151,8.43365e-06
8,1,8,192,85.07000000000001,0.005263278083242114,11,39602.75,22806,88.0,0.5409039970115801,103663636363.63637,2704519985.0579004,8.432550000000001e-06
2,48,16,2,84.88,0.005493437274192684,29,53012.0,29114,1392.0,0.5238969265097531,8366091954.022988,2619484632.548765,1.1114400000000002e-05
2,56,16,2,84.81,0.005907952612968302,19,37164.0,21350,1064.0,0.5374584633974423,8026315789.473683,2687292316.9872117,7.9448e-06
2,64,16,2,85.08,0.005580076783887418,22,45848.0,25644,1408.0,0.529747149231532,7285227272.727273,2648735746.15766,9.681599999999999e-06
2,72,16,2,84.86,0.005711176175279206,19,42028.0,23782,1368.0,0.5333722077689065,6953801169.590643,2666861038.8445325,8.917599999999999e-06
2,80,16,2,85.41,0.0054162067318412515,22,51480.0,28460,1760.0,0.5266469282013323,6468181818.181819,2633234641.0066614,1.0808e-05
2,88,16,2,85.11,0.005819270357868962,17,41956.0,23778,1496.0,0.5341450265073232,6357754010.695188,2670725132.536616,8.903200000000001e-06
2,96,16,2,84.91,0.005990654480659925,15,38940.0,22302,1440.0,0.5373975903614457,6195000000.0,2686987951.8072286,8.300000000000002e-06
2,12,16,8,85.54,0.005991561619376499,27,48870.0,27318,324.0,0.5311685786505931,33725925925.925922,2655842893.2529655,1.0286e-05
2,14,16,8,84.82,0.005968195029891179,24,46512.0,26160,336.0,0.5330942288881644,31142857142.857143,2665471144.440822,9.814399999999999e-06
2,16,16,8,84.84,0.005937690741115659,21,43386.0,24618,336.0,0.5358028990554129,29307142857.142857,2679014495.2770643,9.1892e-06
2,18,16,8,84.81,0.005701437184884715,22,48268.0,27052,396.0,0.5322263319430235,27325252525.25252,2661131659.7151175,1.0165600000000001e-05
2,20,16,8,84.83000000000001,0.005126920260135459,30,69660.0,37692,600.0,0.5219052893935198,25128000000.0,2609526446.967599,1.4444000000000001e-05
2,22,16,8,85.11999999999999,0.0059494879793912,16,39200.0,22560,352.0,0.5402298850574713,25636363636.363636,2701149425.2873564,8.352e-06
2,24,16,8,84.91,0.005990654480659925,15,38670.0,22302,360.0,0.5409168081494058,24780000000.0,2704584040.747029,8.246e-06
2,6,16,16,85.0,0.005980020467343762,30,54210.0,30012,180.0,0.5286595032587634,66693333333.33333,2643297516.293817,1.1354e-05
2,7,16,16,84.81,0.005730950954029888,30,58050.0,31932,210.0,0.5268437551559149,60822857142.85714,2634218775.7795744,1.2122e-05
2,8,16,16,84.85000000000001,0.005387127172515967,33,68079.0,36930,264.0,0.5227990203711831,55954545454.54545,2613995101.8559155,1.4127799999999999e-05
2,9,16,16,84.84,0.005929834336655562,20,43820.0,24872,180.0,0.536265631737818,55271111111.111115,2681328158.6890903,9.275999999999999e-06
2,10,16,16,85.28999999999999,0.005928643351907282,18,41742.0,23844,180.0,0.5382149790077198,52986666666.666664,2691074895.0385985,8.8604e-06
2,11,16,16,85.06,0.0055056269963424265,22,53834.0,29868,242.0,0.5296308117884881,49368595041.32232,2648154058.9424405,1.1278800000000001e-05
2,12,16,16,84.91,0.005990654480659925,15,38625.0,22302,180.0,0.5415078305208206,49560000000.0,2707539152.604103,8.237000000000001e-06
2,3,16,32,85.08,0.005846864512348095,34,61387.0,33604,102.0,0.5254976777643986,131780392156.86275,2627488388.821993,1.2789400000000002e-05
2,4,16,32,85.05,0.005574731090425099,30,61845.0,33852,120.0,0.5256113655772068,112840000000.00002,2628056827.886034,1.2881e-05
2,5,16,32,84.89999999999999,0.005973496517968048,18,41715.0,23844,90.0,0.5385431959345003,105973333333.33333,2692715979.6725016,8.854999999999999e-06
2,6,16,32,84.91,0.005990654480659925,15,38602.5,22302,90.0,0.5418038262982083,99120000000.0,2709019131.4910417,8.2325e-06
2,2,16,64,85.15,0.00570588582331241,27,55640.25,30774,54.0,0.5287606152894532,227955555555.55557,2643803076.447266,1.164005e-05
2,3,16,64,84.91,0.005990654480659925,15,38591.25,22302,45.0,0.5419519455666596,198240000000.0,2709759727.833298,8.23025e-06
2,1,16,192,84.91,0.005990654480659925,15,38583.75,22302,30.0,0.5420507367461643,297360000000.0,2710253683.7308216,8.22875e-06
3,48,16,2,84.85000000000001,0.005717063486098267,16,37440.0,21536,768.0,0.5384,11216666666.666668,2692000000.0,8e-06
3,56,16,2,85.13,0.005740169741911438,14,34552.0,20124,784.0,0.542250485018323,10267346938.77551,2711252425.0916147,7.4223999999999994e-06
3,64,16,2,84.92,0.005982726710307485,11,28556.0,17174,704.0,0.5519346959763466,9757954545.454546,2759673479.881733,6.2232e-06
3,72,16,2,84.98,0.005530711558662254,14,38136.0,21916,1008.0,0.5385295852172204,8696825396.825396,2692647926.086102,8.1392e-06
3,80,16,2,84.85000000000001,0.005579411989788681,13,37076.0,21402,1040.0,0.5399636693914623,8231538461.538462,2699818346.9573116,7.9272e-06
3,88,16,2,85.16,0.005425062551496551,14,41720.0,23708,1232.0,0.5354110207768744,7697402597.402597,2677055103.884372,8.856e-06
3,96,16,2,84.93,0.005660600012599852,12,37296.0,21528,1152.0,0.5401445202729828,7475000000.0,2700722601.364914,7.9712e-06
3,12,16,8,84.89,0.005151984632681215,30,69660.0,37692,360.0,0.5219052893935198,41880000000.0,2609526446.967599,1.4444000000000001e-05
3,14,16,8,85.09,0.005937306683697541,15,36750.0,21342,210.0,0.5429152887306029,40651428571.42857,2714576443.6530147,7.862e-06
3,16,16,8,84.81,0.00598990868152126,13,33514.0,19738,208.0,0.5471530742362921,37957692307.69231,2735765371.1814604,7.2148e-06
3,18,16,8,84.85000000000001,0.005846936960678088,13,35178.0,20570,234.0,0.5450739307859452,35162393162.393166,2725369653.929726,7.5475999999999995e-06
3,20,16,8,84.89,0.005603711817439948,14,39676.0,22812,280.0,0.540107964769391,32588571428.57143,2700539823.8469553,8.4472e-06
3,22,16,8,84.95,0.005493718905289709,14,41468.0,23708,308.0,0.5384755155809939,30789610389.61039,2692377577.9049697,8.8056e-06
3,24,16,8,84.93,0.005660600012599852,12,37080.0,21528,288.0,0.543087790110999,29900000000.0,2715438950.5549946,7.928000000000001e-06
3,6,16,16,85.00999999999999,0.005930469812715605,19,44061.0,24998,114.0,0.5361961347890436,87712280701.7544,2680980673.945218,9.3242e-06
3,7,16,16,85.04,0.005956286353623649,16,39152.0,22560,112.0,0.5408515535097813,80571428571.42857,2704257767.548907,8.3424e-06
3,8,16,16,85.18,0.005979463335403277,14,36050.0,21020,112.0,0.5444185444185444,75071428571.42857,2722092722.092722,7.722e-06
3,9,16,16,85.11,0.005949814440426837,13,35139.0,20570,117.0,0.5456378153266664,70324786324.78633,2728189076.6333323,7.5398e-06
3,10,16,16,84.98,0.005899057448966773,12,33972.0,19992,120.0,0.5472462498631336,66640000000.0,2736231249.315668,7.306400000000001e-06
3,11,16,16,84.89999999999999,0.005766181524174619,12,35508.0,20760,132.0,0.5453399180413996,62909090909.09091,2726699590.206998,7.6136e-06
3,12,16,16,84.93,0.005660600012599852,12,37044.0,21528,144.0,0.5435814564185436,59800000000.0,2717907282.092718,7.920799999999999e-06
3,3,16,32,85.22999999999999,0.005947182844760984,19,44032.5,24998,57.0,0.5365241186886301,175424561403.5088,2682620593.4431505,9.3185e-06
3,4,16,32,85.05,0.005663733232544167,18,46323.0,26148,72.0,0.534909886872737,145266666666.6667,2674549434.363685,9.776599999999999e-06
3,5,16,32,84.93,0.005923577534739422,12,33954.0,19992,60.0,0.5475160212521225,133280000000.0,2737580106.2606125,7.3028e-06
3,6,16,32,84.93,0.005660600012599852,12,37026.0,21528,72.0,0.5438286262820189,119600000000.0,2719143131.4100943,7.917200000000001e-06
3,2,16,64,85.19,0.005799649170994038,16,41164.0,23584,48.0,0.5393834049949684,196533333333.3333,2696917024.974842,8.7448e-06
3,3,16,64,84.93,0.005660600012599852,12,37017.0,21528,36.0,0.5439522955251788,239200000000.0,2719761477.6258936,7.9154e-06
3,1,16,192,84.93,0.005660600012599852,12,37011.0,21528,36.0,0.5440347729397791,239200000000.0,2720173864.6988955,7.914200000000001e-06
4,48,16,2,84.89999999999999,0.005765046273777948,11,31372.0,18582,528.0,0.5476246610868797,14077272727.272728,2738123305.4343987,6.786399999999999e-06
4,56,16,2,85.07000000000001,0.005596704616539476,11,32780.0,19286,616.0,0.545727221279004,12523376623.376623,2728636106.39502,7.067999999999999e-06
4,64,16,2,85.00999999999999,0.005473547521266156,11,34188.0,19990,704.0,0.5439751823228475,11357954545.454546,2719875911.6142373,7.349600000000001e-06
4,72,16,2,85.13,0.005384037452694623,11,35596.0,20694,792.0,0.5423524478456861,10451515151.515152,2711762239.2284307,7.631199999999999e-06
4,80,16,2,85.05,0.005319334578644288,11,37004.0,21398,880.0,0.5408452128197351,9726363636.363636,2704226064.0986753,7.912800000000002e-06
4,88,16,2,84.84,0.005442810276908114,10,34920.0,20372,880.0,0.5435432230522945,9260000000.0,2717716115.2614727,7.496e-06
4,96,16,2,85.07000000000001,0.005263278083242114,11,39820.0,22806,1056.0,0.5381311939594148,8638636363.636364,2690655969.797074,8.476000000000002e-06
4,12,16,8,85.22999999999999,0.005840612549735471,13,36842.0,21402,156.0,0.5431703974417542,54876923076.92307,2715851987.208771,7.8804e-06
4,14,16,8,85.09,0.005911071766262802,11,32582.0,19286,154.0,0.5488020033008936,50093506493.50649,2744010016.504468,7.028399999999999e-06
4,16,16,8,85.15,0.005755948137824899,11,33990.0,19990,176.0,0.546922024623803,45431818181.818184,2734610123.119015,7.3099999999999995e-06
4,18,16,8,84.82,0.005742486460344984,10,32180.0,19092,180.0,0.5495682210708117,42426666666.666664,2747841105.3540587,6.948e-06
4,20,16,8,85.07000000000001,0.005460076031374397,11,36806.0,21398,220.0,0.543565513387187,38905454545.454544,2717827566.9359345,7.8732e-06
4,22,16,8,85.11999999999999,0.00534392443492524,11,38214.0,22102,242.0,0.5420611173787218,36532231404.95868,2710305586.8936086,8.1548e-06
4,24,16,8,85.07000000000001,0.005263278083242114,11,39622.0,22806,264.0,0.5406571523398606,34554545454.545456,2703285761.6993027,8.436400000000001e-06
4,6,16,16,85.1,0.0059740359153931345,13,36803.0,21402,78.0,0.543708558798872,109753846153.84615,2718542793.99436,7.8726e-06
4,7,16,16,84.93,0.005779533256362324,13,38467.0,22234,91.0,0.5419357983766788,97731868131.86813,2709678991.8833942,8.2054e-06
4,8,16,16,85.09,0.00586678114476249,11,33957.0,19990,88.0,0.547416271873374,90863636363.63637,2737081359.3668704,7.303399999999999e-06
4,9,16,16,84.99,0.005843743943800592,10,32150.0,19092,90.0,0.5500432152117546,84853333333.33333,2750216076.058773,6.941999999999999e-06
4,10,16,16,85.31,0.005682556249152372,10,33430.0,19732,100.0,0.548263406501806,78928000000.0,2741317032.5090303,7.1979999999999995e-06
4,11,16,16,85.06,0.005542709405326512,10,34710.0,20372,110.0,0.5466058492084787,74080000000.0,2733029246.042393,7.454e-06
4,12,16,16,85.07000000000001,0.005263278083242114,11,39589.0,22806,132.0,0.5410804526797789,69109090909.09091,2705402263.3988943,8.4298e-06
4,3,16,32,85.49,0.005938075421212994,14,39613.0,22812,56.0,0.5409148033101747,162942857142.85715,2704574016.5508738,8.4346e-06
4,4,16,32,85.39,0.005763372041710546,12,37026.0,21528,48.0,0.5438286262820189,179400000000.0,2719143131.4100943,7.917200000000001e-06
4,5,16,32,85.24000000000001,0.005708881851773822,10,33415.0,19732,50.0,0.5484920083391244,157856000000.0,2742460041.695622,7.195e-06
4,6,16,32,85.07000000000001,0.005263278083242114,11,39572.5,22806,66.0,0.5412923515101169,138218181818.18182,2706461757.5505843,8.4265e-06
4,2,16,64,85.11999999999999,0.005583152013007547,13,40101.75,23066,52.0,0.5406716789630055,177430769230.76923,2703358394.8150277,8.53235e-06
4,3,16,64,85.07000000000001,0.005263278083242114,11,39564.25,22806,44.0,0.5413983631756055,207327272727.27274,2706991815.8780274,8.42485e-06
4,1,16,192,85.07000000000001,0.005263278083242114,11,39558.75,22806,44.0,0.5414690606914973,207327272727.27274,2707345303.457486,8.42375e-06
1,48,32,2,84.82,0.0059388653693904616,22,40172.0,22828,1056.0,0.534213235982402,8646969696.969696,2671066179.91201,8.546399999999998e-06
1,56,32,2,84.81,0.005783464243724566,22,42988.0,24236,1232.0,0.5320980064986388,7868831168.831168,2660490032.493194,9.1096e-06
1,64,32,2,84.91,0.005643158610980591,22,45804.0,25644,1408.0,0.5302290960218344,7285227272.727273,2651145480.1091723,9.6728e-06
1,72,32,2,85.03,0.00561862101510752,21,46410.0,25962,1512.0,0.5301613232591382,6868253968.253968,2650806616.295691,9.794000000000001e-06
1,80,32,2,84.82,0.005517284482012518,22,51436.0,28460,1760.0,0.5270760797096081,6468181818.181819,2635380398.5480404,1.0799200000000002e-05
1,88,32,2,84.83000000000001,0.005414406339217732,23,56718.0,31086,2024.0,0.5244104052093526,6143478260.869565,2622052026.046763,1.1855599999999999e-05
1,96,32,2,85.02,0.005089293930324072,28,72632.0,38968,2688.0,0.5182466219810619,5798809523.809525,2591233109.905309,1.50384e-05
1,12,32,8,84.82,0.005989606501377805,29,52432.0,29114,348.0,0.529422461448938,33464367816.091953,2647112307.24469,1.0998400000000001e-05
1,14,32,8,84.99,0.005870828165615226,26,50336.0,28084,364.0,0.5309286146400484,30861538461.538464,2654643073.200242,1.05792e-05
1,16,32,8,84.96000000000001,0.00552964446695868,29,59856.0,32826,464.0,0.5259228402973597,28298275862.068966,2629614201.4867983,1.24832e-05
1,18,32,8,84.89,0.0056254515278098514,24,52608.0,29232,432.0,0.5298723897911833,27066666666.666668,2649361948.955917,1.1033599999999999e-05
1,20,32,8,84.96000000000001,0.00534403993489534,27,62640.0,34230,540.0,0.525,25355555555.555553,2625000000.0,1.304e-05
1,22,32,8,84.88,0.005478654376141231,23,56304.0,31086,506.0,0.528098668116336,24573913043.47826,2640493340.58168,1.17728e-05
1,24,32,8,85.02,0.005089293930324072,28,72128.0,38968,672.0,0.5217437874892887,23195238095.2381,2608718937.4464436,1.4937600000000002e-05
1,6,32,16,84.81,0.005677892378456869,39,70395.0,38094,234.0,0.5221574943458296,65117948717.948715,2610787471.729148,1.4591000000000001e-05
1,7,32,16,85.56,0.005989361175234466,26,50258.0,28084,182.0,0.5317126737097202,61723076923.07693,2658563368.548601,1.0563599999999998e-05
1,8,32,16,85.04,0.0057916570407466825,26,53586.0,29748,208.0,0.5298329355608592,57207692307.69231,2649164677.804296,1.1229199999999999e-05
1,9,32,16,84.85000000000001,0.005244217194373081,33,72237.0,39042,297.0,0.5219728063959784,52581818181.818184,2609864031.9798923,1.49594e-05
1,10,32,16,84.83000000000001,0.005714802814041879,22,50974.0,28460,220.0,0.5316247618336011,51745454545.45455,2658123809.1680055,1.0706799999999999e-05
1,11,32,16,84.81,0.005049784554923094,31,75795.0,40830,341.0,0.5210899113011295,47894428152.49267,2605449556.505647,1.5671e-05
1,12,32,16,85.02,0.005089293930324072,28,72044.0,38968,336.0,0.5223312422926385,46390476190.4762,2611656211.4631925,1.49208e-05
1,3,32,32,84.86,0.005714236946671154,38,68533.0,37196,114.0,0.5232020030101416,130512280701.7544,2616010015.0507083,1.42186e-05
1,4,32,32,84.93,0.005992287747442937,23,47368.5,26670,92.0,0.5341638543116657,115956521739.13043,2670819271.5583286,9.9857e-06
1,5,32,32,84.82,0.005821079257385656,21,48625.5,27306,105.0,0.533471393265671,104022857142.85715,2667356966.328355,1.0237099999999999e-05
1,6,32,32,85.02,0.005089293930324072,28,72002.0,38968,168.0,0.5226254660550951,92780952380.9524,2613127330.2754755,1.49124e-05
1,2,32,64,84.81,0.005324857556051901,37,76173.75,41034,74.0,0.5211742105513836,221805405405.40543,2605871052.756918,1.574675e-05
1,3,32,64,85.02,0.005089293930324072,28,71981.0,38968,84.0,0.5227727022712333,185561904761.9048,2613863511.3561664,1.49082e-05
1,1,32,192,85.02,0.005089293930324072,28,71967.0,38968,28.0,0.5228709058462034,556685714285.7144,2614354529.231017,1.49054e-05
2,48,32,2,84.89999999999999,0.005765046273777948,11,31350.0,18582,528.0,0.5479799469183132,14077272727.272728,2739899734.591566,6.782e-06
2,56,32,2,85.07000000000001,0.005596704616539476,11,32758.0,19286,616.0,0.5460671612209071,12523376623.376623,2730335806.1045356,7.063600000000001e-06
2,64,32,2,85.00999999999999,0.005473547521266156,11,34166.0,19990,704.0,0.5443010401350542,11357954545.454546,2721505200.675271,7.3451999999999996e-06
2,72,32,2,85.13,0.005384037452694623,11,35574.0,20694,792.0,0.5426653380185661,10451515151.515152,2713326690.0928307,7.6267999999999996e-06
2,80,32,2,85.05,0.005319334578644288,11,36982.0,21398,880.0,0.541146123109605,9726363636.363636,2705730615.5480247,7.9084e-06
2,88,32,2,84.84,0.005442810276908114,10,34900.0,20372,880.0,0.5438334223171383,9260000000.0,2719167111.5856915,7.492e-06
2,96,32,2,85.07000000000001,0.005263278083242114,11,39798.0,22806,1056.0,0.5384106898342698,8638636363.636364,2692053449.171349,8.4716e-06
2,12,32,8,85.22999999999999,0.005840612549735471,13,36816.0,21402,156.0,0.5435290532303941,54876923076.92307,2717645266.151971,7.8752e-06
2,14,32,8,85.09,0.005911071766262802,11,32560.0,19286,154.0,0.5491457858769931,50093506493.50649,2745728929.384966,7.024e-06
2,16,32,8,85.15,0.005755948137824899,11,33968.0,19990,176.0,0.5472514235654841,45431818181.818184,2736257117.82742,7.305599999999999e-06
2,18,32,8,84.82,0.005742486460344984,10,32160.0,19092,180.0,0.5498847926267281,42426666666.666664,2749423963.1336403,6.944000000000001e-06
2,20,32,8,85.07000000000001,0.005460076031374397,11,36784.0,21398,220.0,0.5438694591297275,38905454545.454544,2719347295.6486373,7.868800000000002e-06
2,22,32,8,85.11999999999999,0.00534392443492524,11,38192.0,22102,242.0,0.5423537495092265,36532231404.95868,2711768747.5461326,8.1504e-06
2,24,32,8,85.07000000000001,0.005263278083242114,11,39600.0,22806,264.0,0.5409392789373814,34554545454.545456,2704696394.686907,8.432e-06
2,6,32,16,85.1,0.0059740359153931345,13,36777.0,21402,78.0,0.544067925871317,109753846153.84615,2720339629.356585,7.8674e-06
2,7,32,16,84.93,0.005779533256362324,13,38441.0,22234,91.0,0.5422794565986195,97731868131.86813,2711397282.993098,8.2002e-06
2,8,32,16,85.09,0.00586678114476249,11,33935.0,19990,88.0,0.5477462666118647,90863636363.63637,2738731333.0593233,7.299e-06
2,9,32,16,84.99,0.005843743943800592,10,32130.0,19092,90.0,0.5503603343903142,84853333333.33333,2751801671.951571,6.938e-06
2,10,32,16,85.31,0.005682556249152372,10,33410.0,19732,100.0,0.5485682513205449,78928000000.0,2742841256.6027246,7.194e-06
2,11,32,16,85.06,0.005542709405326512,10,34690.0,20372,110.0,0.5468993288590605,74080000000.0,2734496644.2953024,7.449999999999999e-06
2,12,32,16,85.07000000000001,0.005263278083242114,11,39567.0,22806,132.0,0.5413630213402331,69109090909.09091,2706815106.701165,8.4254e-06
2,3,32,32,85.49,0.005938075421212994,14,39585.0,22812,42.0,0.5412741724997034,217257142857.14285,2706370862.498517,8.429e-06
2,4,32,32,85.39,0.005763372041710546,12,37002.0,21528,48.0,0.544158535968859,179400000000.0,2720792679.844295,7.9124e-06
2,5,32,32,85.24000000000001,0.005708881851773822,10,33395.0,19732,50.0,0.5487971074954805,157856000000.0,2743985537.4774027,7.190999999999999e-06
2,6,32,32,85.07000000000001,0.005263278083242114,11,39550.5,22806,66.0,0.5415751415917646,138218181818.18182,2707875707.9588227,8.4221e-06
2,2,32,64,85.11999999999999,0.005583152013007547,13,40075.75,23066,26.0,0.5410013896788494,354861538461.53845,2705006948.394247,8.527149999999998e-06
2,3,32,64,85.07000000000001,0.005263278083242114,11,39542.25,22806,33.0,0.5416812640654597,276436363636.36365,2708406320.3272986,8.42045e-06
2,1,32,192,85.07000000000001,0.005263278083242114,11,39536.75,22806,22.0,0.5417520354896755,414654545454.5455,2708760177.4483776,8.419350000000001e-06
1,48,64,2,84.89999999999999,0.005765046273777948,11,31339.0,18582,528.0,0.5481577627658633,14077272727.272728,2740788813.829316,6.779800000000001e-06
1,56,64,2,85.07000000000001,0.005596704616539476,11,32747.0,19286,616.0,0.5462372900557964,12523376623.376623,2731186450.2789817,7.0614e-06
1,64,64,2,85.00999999999999,0.005473547521266156,11,34155.0,19990,704.0,0.5444641154841345,11357954545.454546,2722320577.420673,7.343e-06
1,72,64,2,85.13,0.005384037452694623,11,35563.0,20694,792.0,0.5428219185268736,10451515151.515152,2714109592.634368,7.624599999999999e-06
1,80,64,2,85.05,0.005319334578644288,11,36971.0,21398,880.0,0.5412967038526726,9726363636.363636,2706483519.263363,7.9062e-06
1,88,64,2,84.84,0.005442810276908114,10,34890.0,20372,880.0,0.5439786381842456,9260000000.0,2719893190.921228,7.490000000000001e-06
1,96,64,2,85.07000000000001,0.005263278083242114,11,39787.0,22806,1056.0,0.5385505466739084,8638636363.636364,2692752733.369542,8.4694e-06
1,12,64,8,85.22999999999999,0.005840612549735471,13,36803.0,21402,156.0,0.543708558798872,54876923076.92307,2718542793.99436,7.8726e-06
1,14,64,8,85.09,0.005911071766262802,11,32549.0,19286,154.0,0.5493178387308097,50093506493.50649,2746589193.654049,7.021799999999999e-06
1,16,64,8,85.15,0.005755948137824899,11,33957.0,19990,176.0,0.547416271873374,45431818181.818184,2737081359.3668704,7.303399999999999e-06
1,18,64,8,84.82,0.005742486460344984,10,32150.0,19092,180.0,0.5500432152117546,42426666666.666664,2750216076.058773,6.941999999999999e-06
1,20,64,8,85.07000000000001,0.005460076031374397,11,36773.0,21398,220.0,0.5440215595047415,38905454545.454544,2720107797.5237074,7.866600000000002e-06
1,22,64,8,85.11999999999999,0.00534392443492524,11,38181.0,22102,242.0,0.5425001840897377,36532231404.95868,2712500920.4486885,8.1482e-06
1,24,64,8,85.07000000000001,0.005263278083242114,11,39589.0,22806,264.0,0.5410804526797789,34554545454.545456,2705402263.3988943,8.4298e-06
1,6,64,16,85.1,0.0059740359153931345,13,36764.0,21402,78.0,0.5442477876106194,109753846153.84615,2721238938.0530972,7.8648e-06
1,7,64,16,84.93,0.005779533256362324,13,38428.0,22234,91.0,0.5424514492046453,97731868131.86813,2712257246.0232263,8.197600000000001e-06
1,8,64,16,85.09,0.00586678114476249,11,33924.0,19990,88.0,0.5479114132222344,90863636363.63637,2739557066.1111717,7.296800000000001e-06
1,9,64,16,84.99,0.005843743943800592,10,32120.0,19092,90.0,0.5505190311418685,84853333333.33333,2752595155.7093425,6.936e-06
1,10,64,16,85.31,0.005682556249152372,10,33400.0,19732,100.0,0.5487208008898776,78928000000.0,2743604004.449388,7.192000000000001e-06
1,11,64,16,85.06,0.005542709405326512,10,34680.0,20372,110.0,0.547046186895811,74080000000.0,2735230934.479055,7.448e-06
1,12,64,16,85.07000000000001,0.005263278083242114,11,39556.0,22806,132.0,0.5415044163738246,69109090909.09091,2707522081.869123,8.423200000000001e-06
1,3,64,32,85.49,0.005938075421212994,14,39571.0,22812,42.0,0.5414540362203603,217257142857.14285,2707270181.1018014,8.4262e-06
1,4,64,32,85.39,0.005763372041710546,12,36990.0,21528,48.0,0.5443236409608091,179400000000.0,2721618204.8040457,7.909999999999999e-06
1,5,64,32,85.24000000000001,0.005708881851773822,10,33385.0,19732,50.0,0.5489497843928224,157856000000.0,2744748921.964112,7.189e-06
1,6,64,32,85.07000000000001,0.005263278083242114,11,39539.5,22806,66.0,0.5417166474661219,138218181818.18182,2708583237.33061,8.419899999999999e-06
1,2,64,64,85.11999999999999,0.005583152013007547,13,40062.75,23066,26.0,0.5411663958801345,354861538461.53845,2705831979.4006724,8.52455e-06
1,3,64,64,85.07000000000001,0.005263278083242114,11,39531.25,22806,33.0,0.5418228254090814,276436363636.36365,2709114127.0454073,8.41825e-06
1,1,64,192,85.07000000000001,0.005263278083242114,11,39525.75,22806,11.0,0.5418936338309285,829309090909.091,2709468169.1546426,8.41715e-06
